,Study_ID,Publication_Year,Author,Title,Publication_Title,Database,Exclude,Reason_ID,Paediatric,Intention_Reported,Deliberate_Intention,Unclear,Accessed,Study_Design,Population_Type,Study_Setting,Study_Location,DOI,Data_Extracted,Bib_Search_Complete,Comments
0,492,1941,"Macmanus, Joseph E.",Perforations of the intestine by ingested foreign bodies: Report of two cases and review of the literature,The American Journal of Surgery,Bibliography Search,True,9,False,False,True,True,2025-04-14 17:11:45,,,,,10.1016/S0002-9610(41)90652-9,N,N,Historical review and case report. Does not report intention. 
1,493,1962,"Perelman, H.",Toothpick perforations of the gastrointestinal tract,The Journal of Abdominal Surgery,Bibliography Search,True,1,True,True,True,True,,,,,,,N,N,Full text not available
2,494,1967,"Sloop, R. D.; Thompson, J. C.",Aorto-esophageal fistula: report of a case and review of literature,Gastroenterology,Bibliography Search,True,1,True,True,True,True,,,,,,,N,N,Full text not available
3,495,1969,"Johnson, Wilbur E.",On Ingestion of Razor Blades,JAMA,Bibliography Search,False,,True,True,True,True,2025-04-14 14:35:26,Case Report,Single prisoner,"New Jersey State Prison Hospital, Trenton","Trenton, New Jersey, USA",10.1001/jama.1969.03160110135030,Y,N,
4,496,1969,"Schechter, D. C.; Gilbert, L.",Injuries of the heart and great vessels due to pins and needles,Thorax,Bibliography Search,True,2,False,True,True,True,2025-04-15 10:26:00,,,,,10.1136/thx.24.2.246,N,N,Insertion of pins into thoracic wall
5,497,1971,"Balch, Charles M.; Silver, Donald",Foreign Bodies in the Appendix,Archives of Surgery,Bibliography Search,True,2,False,False,False,True,2025-04-14 16:07:04,,,,,10.1001/archsurg.1971.01350010016004,N,N,No mention of deliberate cases
6,498,1974,"Witzel, L.; Scheurer, U.; M√ºhlemann, A.; Halter, F.",Removal of razor blades from stomach with fibreoptic endoscope,British Medical Journal,Bibliography Search,False,,False,True,True,True,2025-04-15 10:39:00,Case Report,Single prisoner,Department of Surgery,"Berne, Switzerland",10.1136/bmj.2.5918.539,Y,N,
7,499,1977,"Devanesan, J.; Pisani, A.; Sharma, P.; Kazarian, K. K.; Mersheimer, W. L.",Metallic foreign bodies in the stomach,"Archives of Surgery (Chicago, Ill.: 1960)",Bibliography Search,False,,False,True,True,True,2025-04-15 10:45:00,Case Report,Single psychiatric inpatient,"New York Medical College-Metropolitan Hospital Center, New York","New York, USA",10.1001/archsurg.1977.01370050124025,Y,N,
8,500,1977,"Neil, J. F.; Horn, T. L.; Himmelhoch, J. M.","Psychotic pica, nicotinism, and complicated myocardial infarction",Diseases of the Nervous System,Bibliography Search,True,7,True,True,True,True,2025-04-15 10:50:00,,,,,,N,N,Nicotine ingestion
9,501,1978,"Nandi, P.; Ong, G. B.",Foreign body in the oesophagus: review of 2394 cases,The British Journal of Surgery,Bibliography Search,True,9,True,False,False,True,2024-04-15 10:58:00,Retrospective Chart Review,General population,Queen Mary Hospital,Hong Kong,10.1002/bjs.1800650103,N,N,No mention of intention
10,502,1980,"Ctercteko, G.; Mok, C. K.",Aorta-esophageal fistula induced by a foreign body: the first recorded survival,The Journal of Thoracic and Cardiovascular Surgery,Bibliography Search,True,9,True,True,True,True,,,,,,10.1016/s0022-5223(19)37796-7,N,N,Chicken bones. Not explicitly intentional
11,503,1982,"Danford, D. E.; Huber, A. M.",Pica among mentally retarded adults,American Journal of Mental Deficiency,Bibliography Search,True,1,True,True,True,True,,,,,,,N,N,Full text not available
12,504,1982,"James, A. H.; Allen-Mersh, T. G.",Recognition and management of patients who repeatedly swallow foreign bodies,Journal of the Royal Society of Medicine,Bibliography Search,False,,True,True,True,True,2025-04-15 11:35:00,Retrospective Case Series,Mixed psychiatric and non-psychiatric,"Department of Surgery, Charing Cross Hospital,","London, UK",10.1177/014107688207500207,Y,N,
13,505,1983,"Ertan, A.; Kedia, S. M.; Agrawal, N. M.; Akdamar, K.",Endoscopic removal of a toothbrush,Gastrointestinal Endoscopy,Bibliography Search,True,3,False,True,False,True,2025-04-15 11:45:00,Case Report,Single psychiatric patient,Tulane University School of Medicine,"New Orleans, Lousiana, USA",10.1016/s0016-5107(83)72564-2,N,N,"Non-intentional - ""swallowing a toothbrush during one of his seizure episodes"""
14,506,1983,"Fishbain, D. A.; Rotondo, D. J.",Foreign body ingestion associated with delusional beliefs,The Journal of Nervous and Mental Disease,Bibliography Search,True,10,False,True,True,True,2025-04-15 11:53:00,Case Report,Single psychiatric prisoner,Miami School of Medicine,"Miami, Florida, USA",10.1097/00005053-198305000-00012,N,N,Does not report outcomes for individual ingestions.
15,507,1983,"Roark, G D; Subramanyam, K; Patterson, M",Ingested foreign material in mentally disturbed patients,Southern medical journal,Bibliography Search,False,,True,True,True,True,2025-04-10 09:01:14,Retrospective Case Series,Psychiatric patients,University of Texas,"Galveston, Texas, USA",10.1097/00007611-198309000-00015,Y,N,
16,508,1983,"Vizcarrondo, F. J.; Brady, P. G.; Nord, H. J.",Foreign bodies of the upper gastrointestinal tract,Gastrointestinal Endoscopy,Bibliography Search,True,10,True,False,False,True,2025-04-15 12:09:00,Retrospective Chart Review,All patients with a foreign body of the upper gastrointestinal tract endoscopically,Tampa General Hospital and the James A. Haley Veterans Hospital,"Tampa, Florida, USA",10.1016/s0016-5107(83)72586-1,N,N,"Mixed intentional, non-intentional and food bolus. No information on rates of intentional ingestion so unable to differentiate empirical data. Exclude."
17,509,1984,"Gracia, C.; Frey, C. F.; Bodai, B. I.",Diagnosis and management of ingested foreign bodies: a ten-year experience,Annals of Emergency Medicine,Bibliography Search,False,,True,True,True,True,2025-04-15 12:12:00,Retrospective Chart Review,"Mixed population, adult and child with inteional and non-intentional ingestion","University of California, Davis, Medical Center","Davis, California, USA",10.1016/s0196-0644(84)80380-7,Y,N,
18,510,1984,"Price, W. A.; Giannini, A. J.",Attempted suicide by ingestion of dentures,The Journal of Clinical Psychiatry,Bibliography Search,True,1,True,True,True,True,,,,,,,N,N,Full text not available
19,511,1984,"Selivanov, V.; Sheldon, G. F.; Cello, J. P.; Crass, R. A.",Management of foreign body ingestion,Annals of Surgery,Bibliography Search,True,9,True,False,False,True,2025-04-15 13:23:00,,,,,10.1097/00000658-198402000-00010,N,N,
20,512,1986,"Adams, D. B.",Endoscopic removal of entrapped coins from an intraluminal duodenal diverticulum 20 years after ingestion,Gastrointestinal Endoscopy,Bibliography Search,True,9,True,False,False,True,2025-04-15 13:58:00,Case Report,,,,10.1016/s0016-5107(86)71926-3,N,N,"Not explicitly intentional - ""ahistory of ingestion of aquarter 20 years previously was elicited."""
21,513,1986,"Bloom, R. R.; Nakano, P. H.; Gray, S. W.; Skandalakis, J. E.",Foreign bodies of the gastrointestinal tract,The American Surgeon,Bibliography Search,True,1,True,True,True,True,,,,,,,N,N,Full text not available
22,514,1988,"Kirk, A. D.; Bowers, B. A.; Moylan, J. A.; Meyers, W. C.",Toothbrush swallowing,"Archives of Surgery (Chicago, Ill.: 1960)",Bibliography Search,True,3,True,True,False,True,2025-04-15 14:04:00,Case Series,,,,10.1001/archsurg.1988.01400270122020,N,N,All accidental
23,515,1988,"Paul, R. I.; Jaffe, D. M.",Sharp object ingestions in children: illustrative cases and literature review,Pediatric Emergency Care,Bibliography Search,True,3,True,True,False,True,2025-04-15 14:06:00,Review,,,,10.1097/00006565-198812000-00004,N,N,Accidental
24,516,1988,"Price, J.; Dewar, G.a.; Metreweli, Prof. C.",Airgun Pellet Appendicitis,Australasian Radiology,Bibliography Search,True,9,True,False,False,True,2025-04-15 14:10:00,Case Report,,,,10.1111/j.1440-1673.1988.tb02755.x,N,N,Not explicitly intentional
25,517,1988,"Webb, W. A.",Management of foreign bodies of the upper gastrointestinal tract,Gastroenterology,Bibliography Search,True,5,True,False,False,True,2025-04-15 14:12:00,Review,,,,10.1016/0016-5085(88)90632-4,N,N,"Review, no empirical evidence"
26,518,1990,"Jacob, Bernhard; Huckenbeck, Wolfgang; Barz, J√ºrgen; Bonte, Wolfgang","Death, After Swallowing and Aspiration of a High Number of Foreign Bodies, in a Schizophrenic Woman:",The American Journal of Forensic Medicine and Pathology,Bibliography Search,True,11,True,True,True,True,2025-04-15 14:13:00,Case Report,,,,10.1097/00000433-199012000-00014,N,N,"Co-existing mechanism of death - ""death was attributed to cardiorespiratory arrest in delayed shock accompanying peritonitis and mechanical obstruction of the airways"""
27,519,1990,"Ohri, S. K.; Hutton, K. A.; Walsh, R.; Desa, L. A.; Wood, C. B.",Foreign body perforation of the ileum,The British Journal of Clinical Practice,Bibliography Search,True,1,True,True,True,True,,,,,,,N,N,Full text not available
28,520,1990,"Paulson, E. K.; Jaffe, R. B.",Metallic foreign bodies in the stomach: fluoroscopic removal with a magnetic orogastric tube,Radiology,Bibliography Search,True,9,True,False,False,True,2025-04-15 14:23:00,Retrospective Chart Review,,,,10.1148/radiology.174.1.2294547,N,N,Intention not reported. Likely mixed cohort. Exclude.
29,521,1990,"Soong, C. V.; Harvey, C.; Doherty, M.",Self-mutilating behaviour and deliberate ingestion of foreign bodies,The Ulster Medical Journal,Bibliography Search,True,1,True,True,True,True,,,,,,,N,N,Full text not available
30,522,1991,"Barros, J. L.; Caballero, A.; Rueda, J. C.; Monturiol, J. M.",Foreign body ingestion: management of 167 cases,World Journal of Surgery,Bibliography Search,False,,True,True,True,True,2025-04-15 14:28:00,Retrospective Chart Review,Mixed population,The Gregorio Marafirn Memorial Hospital,"Madrid, Spain",10.1007/BF01665320,Y,N,
31,523,1991,"Karp, J. G.; Whitman, L.; Convit, A.",Intentional ingestion of foreign objects by male prison inmates,Hospital & Community Psychiatry,Bibliography Search,False,,True,True,True,True,2025-04-15 15:15:00,Retrospective Chart Review,"all patients (N= 19) admitted to a medical prison ward for men in a New York City public general hospital for delib erately swallowing objects between September 1, 1985, and October 15,",New York City Public General Hospital,"New York, USA",10.1176/ps.42.5.533,Y,N,
32,524,1993,"Lyons, LTC Michael F.; Tsuchida, LTC Amy M.",Foreign bodies of the gastrointestinal tract,Medical Clinics of North America,Bibliography Search,True,5,True,True,True,True,2025-04-14 12:58:50,Review,,,,10.1016/S0025-7125(16)30212-7,N,N,"Review, no empirical evidence"
33,525,1995,"Panieri, E.; Bass, D. H.",The management of ingested foreign bodies in children--a review of 663 cases,European Journal of Emergency Medicine: Official Journal of the European Society for Emergency Medicine,Bibliography Search,True,9,True,False,False,True,2024-04-15 15:51:00,Retrospective Chart Review,,,,10.1097/00063110-199506000-00005,N,N,No mention of intention
34,526,1995,"Webb, W. A.",Management of foreign bodies of the upper gastrointestinal tract: update,Gastrointestinal Endoscopy,Bibliography Search,True,9,True,True,True,True,2025-04-15 15:55:00,Retrospective Chart Review,,,,10.1097/00063110-199506000-00005,N,N,No mention of intention
35,527,1995,"Zeitlin, S. B.; Polivy, J.",Coprophagia as a manifestation of obsessive-compulsive disorder: a case report,Journal of Behavior Therapy and Experimental Psychiatry,Bibliography Search,True,7,True,True,True,True,2025-04-15 15:58:00,,,,,10.1016/0005-7916(94)00065-t,N,N,COPROPHAGIA  = eatings ones own faeces. Exclude.
36,528,1996,"K√ºrkciyan, I.; Frossard, M.; Kettenbach, J.; Meron, G.; Sterz, F.; R√∂ggla, M.; Laggner, A. N.",Conservative management of foreign bodies in the gastrointestinal tract,Zeitschrift Fur Gastroenterologie,Bibliography Search,True,1,True,True,True,True,,,,,,,N,N,Full text not available
37,529,1996,"Stein, D. J.; Bouwer, C.; van Heerden, B.",Pica and the obsessive-compulsive spectrum disorders,South African Medical Journal = Suid-Afrikaanse Tydskrif Vir Geneeskunde,Bibliography Search,True,1,True,True,True,True,,,,,,,N,N,Full text not available
38,530,1996,"Velitchkov, Nadko G.; Grigorov, Georgi I.; Losanoff, Julian E.; Kjossev, Kirien T.",Ingested Foreign Bodies of the Gastrointestinal Tract: Retrospective Analysis of 542 Cases,World Journal of Surgery,Bibliography Search,True,9,True,False,True,True,2025-04-14 12:57:20,Retrospective Chart Review,,,,10.1007/s002689900152,N,N,No mention of intention
39,531,1997,"Bennett, Daniel R.; Baird, Curtis J.; Chan, Kwok-Ming; Crookes, Peter F.; Bremner, Cedric G.; Gottlieb, Michael M.; Naritoku, Wesley Y.",Zinc Toxicity Following Massive Coin Ingestion,The American Journal of Forensic Medicine and Pathology,Bibliography Search,True,1,True,True,True,True,,,,,,10.1097/00000433-199706000-00008,N,N,Full text not available
40,532,1997,"Tsui, B. C.; Mossey, J.",Occult liver abscess following clinically unsuspected ingestion of foreign bodies,Canadian Journal of Gastroenterology = Journal Canadien De Gastroenterologie,Bibliography Search,False,,True,True,True,True,2025-04-15 16:13:00,Case Series,Patients with occult liver abscess,Royal Alexandra Hospital,"Edmonton, Alberta, Canada",10.1155/1997/815876,Y,N,"One intentional, one unitentional"
41,533,1997,"Wishner, J. D.; Rogers, A. M.",Laparoscopic removal of a swallowed toothbrush,Surgical Endoscopy,Bibliography Search,True,3,True,True,True,True,2025-04-15 16:16:00,Case Report,,,,10.1007/s004649900393,,N,"Accidental - ""A 20-year-old Asian female presented to the emergency room complaining of having swallowed her toothbrush. She stated that she had been attempting to scratch her pharynx with the handle of her toothbrush when a spontaneous gag reflex caused her to swallow the toothbrush"""
42,534,1998,"Al-Qudah, A.; Daradkeh, S.; Abu-Khalaf, M.",Esophageal foreign bodies,European Journal of Cardio-Thoracic Surgery: Official Journal of the European Association for Cardio-Thoracic Surgery,Bibliography Search,True,9,True,True,True,True,2025-04-16 11:07:00,Retrospective Chart Review,,,,10.1016/s1010-7940(98)00068-2,N,N,Not explicitly intentional
43,535,1998,"Beecroft, N.; Bach, L.; Tunstall, N.; Howard, R.",An unusual case of pica,International Journal of Geriatric Psychiatry,Bibliography Search,False,,True,True,True,True,2025-04-16 11:22:00,Case Report,Schizophrenic female with pica,Emergency Department,"London, UK",10.1002/(sici)1099-1166(199809)13:9<638::aid-gps837>3.0.co;2-n,Y,N,
44,536,1998,"Blaho, Kari E.; Merigian, Kevin S.; Winbery, Stephen L.; Park, Lynda J.; Cockrell, Mike",Retrospective Chart Review,Journal of Emergency Medicine,Bibliography Search,False,,True,True,True,True,2024-04-16 11:25:00,Retrospective Chart Review,,,,,Y,N,
45,537,1998,"Goldstein, M.",Adult pica. A clinical nexus of physiology and psychodynamics,Psychosomatics,Bibliography Search,True,2,True,True,True,True,2025-04-16 12:00:00,Case Report,,,,10.1016/S0033-3182(98)71309-X,N,N,"Psychiatric case report. Discusses extended case history, not intentional ingestion of foreign objects, motivations and outcomes. "
46,538,1998,"Murshid, K. R.; Khairy, G. E.",Laparoscopic removal of a foreign body from the intestine,Journal of the Royal College of Surgeons of Edinburgh,Bibliography Search,True,1,True,True,True,True,,,,,,,N,N,Full text not available
47,539,1999,"Hindley, Nick; Gordon, Harvey; Newrith, Chris; Mohan, Damian",The management of cylindrical battery ingestion in psychiatric settings,Psychiatric Bulletin,Bibliography Search,False,,True,True,True,True,2025-04-16 12:16:00,Case Series,Patient who ingest batteries at Broadmoor Psychiatric Hospital,Broadmoor Hospital,"Crowthorne, England, UK",10.1192/pb.23.4.224,Y,N,
48,540,1999,"Kamal, I.; Thompson, J.; Paquette, D. M.",The hazards of vinyl glove ingestion in the mentally retarded patient with pica: new implications for surgical management,Canadian Journal of Surgery. Journal Canadien De Chirurgie,Bibliography Search,False,,True,True,True,True,2025-04-16 12:31:00,Retrospective Case Series,"Five mentally retarded patients, 4 with a history of pica, who were admitted for the management of complications resulting from the ingestion of vinyl gloves",Two university-affiliated hospitals.,"Kingston, Ontaria, Canada",,Y,N,
49,541,1999,"Klingler, Paul; Seelig, Matthias; DeVault, Kenneth; Wetscher, Gerold; Floch, Neil; Branton, Susan; Hinder, Ronald",Ingested Foreign Bodies within the Appendix: A 100-Year Review of the Literature,Digestive Diseases,Bibliography Search,True,3,True,False,False,True,2025-04-21 13:24:00,Review,,,,,N,N,No mention of intention
50,542,2000,"Stiles, B. M.; Wilson, W. H.; Bridges, M. A.; Choudhury, A.; Rivera-Arias, J.; Nguyen, D. B.; Edlich, R. F.",Denture esophageal impaction refractory to endoscopic removal in a psychiatric patient,The Journal of Emergency Medicine,Bibliography Search,True,9,True,False,False,True,2025-04-16 14:48:00,Case Report,Single female patient with schizophrenia and dementia,Salem Virginia Medical Center,"Salem, Virginia, USA",10.1016/s0736-4679(99)00222-x,N,N,
51,543,2001,"Kumar, A.; Jazieh, A. R.",Case report of sideroblastic anemia caused by ingestion of coins,American Journal of Hematology,Bibliography Search,False,,True,True,True,True,2025-04-16 15:03:00,Case Report,Single schizophrenic male with history of pica,University of Arkansas for Medical Sciences,"Little Rock, Arkansas, USA",10.1002/1096-8652(200102)66:2<126::AID-AJH1029>3.0.CO;2-J,Y,N,
52,544,2001,"Lam, H. C.; Woo, J. K.; van Hasselt, C. A.",Management of ingested foreign bodies: a retrospective review of 5240 patients,The Journal of Laryngology and Otology,Bibliography Search,True,9,True,False,False,True,17/04/202509:36,Retrospective Case Series,Patients referred to ENT unit with foreign body ingestion,Ear Nose and Throat Unit of the Prince of Wales Hospital,Hong Kong,10.1258/0022215011909756,N,N,No mention of intention
53,545,2001,"McNutt, T. K.; Chambers-Emerson, J.; Dethlefsen, M.; Shah, R.",Bite the bullet: lead poisoning after ingestion of 206 lead bullets,Veterinary and Human Toxicology,Bibliography Search,True,1,True,True,True,True,,Case Report,Single schizophrenic male intentionally ingested 206 lead bullets,,,,N,N,Full text not available
54,546,2001,"Mosca, S.; Manes, G.; Martino, R.; Amitrano, L.; Bottino, V.; Bove, A.; Camera, A.; De Nucci, C.; Di Costanzo, G.; Guardascione, M.; Lampasi, F.; Picascia, S.; Picciotto, F. P.; Riccio, E.; Rocco, V. P.; Uomo, G.; Balzano, A.",Endoscopic management of foreign bodies in the upper gastrointestinal tract: report on a series of 414 adult patients,Endoscopy,Bibliography Search,False,,True,True,True,True,2025-04-17 11:19:00,Retrospective Chart Review,All patients with foreign body ingestion admitted to hospital between May 1995 and December 1999.,"a regional referral center for gastrointestinal emergencies, serving a population of about five million people","Naples, Italy",10.1055/s-2001-16212,Y,N,
55,547,2002,"Athanassiadi, Kalliopi; Gerazounis, M.; Metaxas, E.; Kalantzi, Nikolitsa",Management of esophageal foreign bodies: a retrospective review of 400 cases,European Journal of Cardio-Thoracic Surgery: Official Journal of the European Association for Cardio-Thoracic Surgery,Bibliography Search,True,9,True,True,True,True,2025-04-17 11:24:00,Retrospective Case Series,"From 1962 through 1998, 400 consecutive patients with EFB were treated in our department on an emergency basis.",General Hospital of Nikea,"Piraeus, Greece",10.1016/s1010-7940(02)00032-5,N,N,No mention of intention
56,548,2002,"Cauchi, J. A.; Shawis, R. N.",Multiple magnet ingestion and gastrointestinal morbidity,Archives of Disease in Childhood,Bibliography Search,False,,True,True,True,True,2025-04-16 15:47:00,Case Report,Single 12 year old female ingested magnets to apply external jewelery to,Sheffield Children’s Hospital,,10.1136/adc.87.6.539,Y,N,
57,549,2002,"Mahafza, Tareq; Batieha, Anwar; Suboh, Munther; Khrais, Tareq",Esophageal foreign bodies: a Jordanian experience,International Journal of Pediatric Otorhinolaryngology,Bibliography Search,True,9,True,False,False,True,2025-04-16 15:52:00,Retrospective Chart Review,All patients admitted with esophageal FB during a period of 9 years from January 1992 to January 2000,Two major referral hospitals,"Irbid, Jordan",10.1016/s0165-5876(02)00113-1,N,N,Intention not reported.
58,550,2002,"McCormick, S.; Brennan, P.; Yassa, J.; Shawis, R.",Children and mini-magnets: an almost fatal attraction,Emergency medicine journal: EMJ,Bibliography Search,True,9,True,False,False,True,2025-04-16 15:56:00,Retrospective Case Series,24 cases presented to the Sheffield Children’s Hospital over a period of eight weeks,Sheffield Children’s Hospital,"Sheffield, UK",10.1136/emj.19.1.71,N,N,"Mixture of ingestions and magnets trapping skin. Magnets ingested whilst using them to immitate a tongue piercing. Sounds accidental. Other cases given in table, but intention not reported in table. Exclude."
59,551,2002,"Mihmanli, Ismail; Kurugoglu, Sebuh; Kantarci, Fatih; Atakir, Kadir; Akman, Canan",Intracardiac needle in a 12-year-old girl with self-injurious behaviour,Pediatric Radiology,Bibliography Search,True,2,True,True,True,True,2025-04-16 16:03:00,Case Report,Single 12 year old girl inserted needle into thorax in suicide attmempt,Istanbul University Cerrahpasa Medical Faculty,"Istanbul, Turkey",10.1007/s00247-001-0611-5,N,N,
60,552,2002,"Omejc, M.",Laparoscopic removal of an ingested pin migrating into the liver,Surgical Endoscopy,Bibliography Search,True,2,False,True,False,True,2025-04-16 16:05:00,Case Report,,University Medical Centre,"Ljubljana, Slovenia",10.1007/s00464-001-4240-8,N,N,"""A case of a woman who unknowingly ingested a pin that perforated the duodenum causing only few acute symptoms is presented. Biliary tract pathology was suspected"""
61,553,2002,"Weiland, Steven T; Schurr, Michael J",Conservative Management of Ingested Foreign Bodies,Journal of Gastrointestinal Surgery,Bibliography Search,False,,True,True,True,True,2025-04-16 16:07:00,Retrospective Case Series,All adults requiring admision for foreign body ingestion,University of Wisconsin Hospital,"Wisconsin, USA",10.1016/S1091-255X(01)00027-0,Y,N,
62,554,2003,"Dumaguing, Noel I.; Singh, Indra; Sethi, Mohammad; Devanand, D. P.",Pica in the geriatric mentally ill: unrelenting and potentially fatal,Journal of Geriatric Psychiatry and Neurology,Bibliography Search,False,,True,True,True,True,2025-04-16 17:00:00,Retrospective Case Series,"3 patients with severe disability, psychiatric disease and pica",Psychiatric inpatients,"New York, USA",10.1177/0891988703256049,Y,N,
63,555,2003,"Gundogar, Duru; Demir, Serap Baspinar; Eren, Ibrahim",Is pica in the spectrum of obsessive-compulsive disorders?,General Hospital Psychiatry,Bibliography Search,True,10,True,True,True,True,2025-04-16 17:03:00,Retrospective Case Series,,,,10.1016/s0163-8343(03)00039-2,N,N,Testing application of The Yale-Brown obsessive-compulsive scale on patients with PICA to determine if pica in the spectrum of obsessive compulsive disorders.
64,556,2004,"Oestreich, Alan E.",Multiple magnet ingestion alert,Radiology,Bibliography Search,False,,True,True,True,True,2024-04-16 17:09:00,Case Report,Single 12 year old autistic male ingested multiple magnets,Cincinnati Children’s Hospital,"Cincinnati, Ohia, USA",10.1148/radiol.2332041446,Y,N,
65,557,2004,"Sica, Giuseppe S.; Djapardy, Veronica; Westaby, Stephen; Maynard, Nicholas D.",Diagnosis and management of aortoesophageal fistula caused by a foreign body,The Annals of Thoracic Surgery,Bibliography Search,True,9,False,False,False,True,2025-04-16 17:13:00,Case Report,53F AEF after swallowing fishbone,John Radcliffe Hospital,"Oxford, UK",10.1016/j.athoracsur.2003.06.031,N,N,
66,558,2004,"Tay, Ee Tein; Weinberg, Gerard; Levin, Terry L.",Ingested magnets: the force within,Pediatric Emergency Care,Bibliography Search,False,,True,True,True,True,2025-04-16 17:20:00,Case Report,9M perforation and bowel obstruction after intentional ingestion of magnet earrings to hide from mother,"Montefiore Medical Center, Albert Einstein College of Medicine","Bronx, New York, USA",10.1097/01.pec.0000134926.03030.a7,Y,N,
67,559,2004,"Vesna, Djokiƒá; Tatjana, Atanasijeviƒá; Slobodan, Saviƒá; Slobodan, Nikoliƒá",Cardiac tamponade caused by migration of a swallowed sewing needle,Forensic Science International,Bibliography Search,False,,False,False,False,True,2025-04-16 17:29:00,Case Report,20-year-old female prisoner who died due to cardiac tamponade caused by a swallowed sewing needle migration,Forensic Case Report,"Belgrade, Serbia",10.1016/j.forsciint.2003.10.013,Y,N,
68,560,2004,"Williams, Christina; McHenry, Christopher R.",Unrecognized foreign body ingestion: an unusual cause for abdominal pain in a healthy adult,The American Surgeon,Bibliography Search,True,1,True,True,True,True,,,,,,,N,N,Full text not available
69,561,2005,"Ali, Fawzi E.; Al-Busairi, Waleed A.; Esbaita, Emad Y.; Al-Bustan, Mahmoud A.",Chronic perforation of the sigmoid colon by foreign body,Current Surgery,Bibliography Search,True,9,True,True,True,True,2025-04-16 17:35:00,Case Report,,,,10.1016/j.cursur.2004.12.014,N,N,"16M ""severely retarded and non-verbal"" - author unsure if object ingested or inserted, therefore exclude."
70,562,2005,"Clarke, D. L.; Buccimazza, I.; Anderson, F. A.; Thomson, S. R.",Colorectal foreign bodies,Colorectal Disease: The Official Journal of the Association of Coloproctology of Great Britain and Ireland,Bibliography Search,True,2,False,True,True,True,2025-04-16 17:48:00,Retrospective Case Series,,,,10.1111/j.1463-1318.2004.00699.x,N,N,Mixture of insertio and ingestion. Empirical data not available to separate cases and outcomes for each pathology.
71,563,2005,"Encinas, J. L.; Garc√≠a-Bermejo, C.; Andr√©s, A. M.; Burgos, L.; Hern√°ndez, P.; Tovar, J. A.",[Multiple intestinal perforations due to ingestion of magnetized pieces of a toy],"Anales De Pediatria (Barcelona, Spain: 2003)",Bibliography Search,True,1,True,True,True,True,2025-04-16 17:51:00,,,,,10.1157/13080414,N,N,Article in Spanish.
72,564,2005,"Hsieh, Chi-Hsun; Wang, Yu-Chun; Chen, Ray-Jade; Fang, Jen-Feng; Lin, Being-Chuan; Hsu, Yu-Pao; Kao, Jung-Liang; Kao, Yi-Chin; Yu, Po-Chin; Kang, Shih-Ching",Comparison of the clinical presentations of ingested foreign bodies requiring operative and nonoperative management,International Surgery,Bibliography Search,True,1,True,True,True,True,2025-04-16 17:53:00,,,,,,N,N,Full text not available
73,565,2005,"Liu, Steven; de Blacam, Catherine; Lim, Foong-Yen; Mattei, Peter; Mamula, Petar",Magnetic foreign body ingestions leading to duodenocolonic fistula,Journal of Pediatric Gastroenterology and Nutrition,Bibliography Search,False,,True,True,True,True,2025-04-17 11:39:00,Case Report,7M with severe developmental delay and pica,Children’s Hospital of Philadelphia,"Philadelphia, Pennsylvania, USA",10.1097/01.mpg.0000177703.99786.c9,Y,N,
74,566,2005,"Nagaraj, Hirikati S.; Sunil, Indira",Multiple foreign body ingestion and ileal perforation,Pediatric Surgery International,Bibliography Search,False,,True,True,True,True,2025-04-17 11:47:00,Case Report,"10M intentionally ingested button battery, magnet and metal ball.",University of Louisville,"Louisville, Kentucky, USA",10.1007/s00383-005-1422-9,Y,N,
75,567,2005,"Ohno, Yasuharu; Yoneda, Akira; Enjoji, Akihito; Furui, Junichiro; Kanematsu, Takashi",Gastroduodenal fistula caused by ingested magnets,Gastrointestinal Endoscopy,Bibliography Search,False,,True,True,True,True,2025-04-17 11:56:00,Case Report,7-year-old autistic girl with parorexia,Surgical Centre,"Nagasaki, Japan",10.1016/s0016-5107(04)02387-9,Y,N,
76,568,2005,"Wildhaber, Barbara E.; Le Coultre, Claude; Genin, Bernard","Ingestion of magnets: innocent in solitude, harmful in groups",Journal of Pediatric Surgery,Bibliography Search,False,,True,True,True,True,2025-04-17 12:03:00,Case Report,9F intentional ingestion,University of Children’s Hospital,"Geneva, Switzerland",10.1016/j.jpedsurg.2005.06.022,Y,N,
77,569,2006,"Choure, Jayant; Quinn, Kathleen; Franco, Kathleen",Baking-soda pica in an adolescent patient,Psychosomatics,Bibliography Search,True,7,True,True,True,True,2025-04-17 12:10:00,Case Report,"12F Baking soda ingestion,background pica.",,,10.1176/appi.psy.47.6.531,N,N,Baking soda ingestion. Exclude
78,570,2006,"Goh, Brian K.P.; Chow, Pierce K.H.; Quah, Hak-Mien; Ong, Hock-Soo; Eu, Kong-Weng; Ooi, London L.P.J.; Wong, Wai-Keong",Perforation of the Gastrointestinal Tract Secondary to Ingestion of Foreign Bodies,World Journal of Surgery,Bibliography Search,False,,True,True,True,True,2025-04-14 16:11:57,Retrospective Case Series,62 consecutive patients who underwent surgery for an ingested FB perforation of the GI tract between 1990 and 2005,Singapore General Hospital,Singapore,10.1007/s00268-005-0490-2,Y,N,
79,571,2006,"Jiang, Chun-li; Gu, Tian-xiang; Wang, Chun",Surgical treatment of posttraumatic foreign bodies in the heart or great vessels,Chinese Medical Journal,Bibliography Search,True,2,True,True,True,True,2024-04-17 13:47:00,Retrospective Case Series,,,,,N,N,No mention of ingestion.
80,572,2006,"Lee, Min-Ro; Hwang, Yong; Kim, Jong-Hun",A case of colohepatic penetration by a swallowed toothbrush,World Journal of Gastroenterology,Bibliography Search,False,,True,False,True,True,2024-04-17 14:03:00,Case Report,31M swallowed toothbrush,Surgical Centre,South Korea,10.3748/wjg.v12.i15.2464,Y,N,
81,573,2006,"Li, Zhao-Shen; Sun, Zhen-Xing; Zou, Duo-Wu; Xu, Guo-Ming; Wu, Ren-Pei; Liao, Zhuan",Endoscopic management of foreign bodies in the upper-GI tract: experience with 1088 cases in China,Gastrointestinal Endoscopy,Bibliography Search,True,9,True,False,False,True,2025-04-14 14:06:54,Retrospective Chart Review,"Between January 1980 and January 2005, a total of 1088 patients (685 men and 403 women; age range, 1 day to 96 years old) with suspected foreign bodies",Endoscopy Centre,"Shanghai, China",10.1016/j.gie.2006.01.059,N,N,
82,574,2006,"Ma, Cheng-Jen; Jan, Chang-Ming; Hsieh, Jan-Sing; Huang, Yu-Sheng; Wang, Wen-Ming; Chan, Hon-Man; Wang, Jaw-Yuan",Successful localization and surgical removal of ingested sewing needles under mini C-arm fluoroscopy: a case report,The Kaohsiung Journal of Medical Sciences,Bibliography Search,False,,True,False,True,True,2025-04-17 14:18:00,Case Report,67M schizophrenia ingested needles,"Department of Surgery, Kaohsiung Medical University Hospital",Taiwan,10.1016/S1607-551X(09)70338-9,Y,N,
83,575,2006,"Silverberg, Daniel; Menes, Tehillah; Kim, Unsup","Surgery for ""body packers""--a 15-year experience",World Journal of Surgery,Bibliography Search,True,7,True,True,True,True,2025-04-17 14:25:00,Retrospective Chart Review,Charts of all patients who underwent surgery at our institution for ingested drug,,,,,N,"Drug ingestion - exclude. ""Charts of all patients who underwent surgery at our institution for ingested drug packets between January 1990 and January 2005 were reviewed."" "
84,576,2006,"Vijaysadan, Viju; Perez, Maria; Kuo, David","Revisiting Swallowed Troubles: Intestinal Complications Caused by Two Magnets‚ÄîA Case Report, Review and Proposed Revision to the Algorithm for the Management of Foreign Body Ingestion",The Journal of the American Board of Family Medicine,Bibliography Search,False,,True,True,True,True,2025-04-14 14:44:45,Case Report,11M swallowed two large magnets,"University of Medicine and Dentistry of New Jersey, Combined Medicine-Pediatrics, Atlantic Health System","Summit, New Jersey, USA",10.3122/jabfm.19.5.511,Y,N,
85,577,2007,"Alzahem, Abdulrahman M.; Soundappan, Soundappan S. V.; Jefferies, Heather; Cass, Daniel T.",Ingested magnets and gastrointestinal complications,Journal of Paediatrics and Child Health,Bibliography Search,True,9,True,False,False,True,2025-04-17 14:51:00,Case Report,4M magnet ingestion,"Department of Academic Surgery, The Children’s Hospital at Westmead, Westmead and 2University of Sydney","Sydney, Australia",10.1111/j.1440-1754.2007.01121.x,N,N,Not explicitly intentional
86,578,2007,"Cox, David; Donohue, Peter; Costa, Vanda",A swallowed toothbrush causing perforation 2 years after ingestion,"British Journal of Hospital Medicine (London, England: 2005)",Bibliography Search,False,,False,True,True,True,2025-04-17 17:01:00,Case Report,33F presented to ED 2 years after ingestion,Charing Cross Hospital,"London, UK",10.12968/hmed.2007.68.10.27330,Y,N,
87,579,2007,"Fenton, Stephen J.; Torgenson, Marcus; Holsti, Maija; Black, Richard E.",Magnetic attraction leading to a small bowel obstruction in a child,Pediatric Surgery International,Bibliography Search,False,,True,True,True,True,2025-04-17 17:08:00,Case Report,6M ingested two magnets,Primary Children’s Medical Center,"Salt Lake City, Utah, USA",10.1007/s00383-007-1997-4,Y,N,
88,580,2007,"Il√ße, Zekeriya; Samsum, Hakan; Mammadov, Emil; Celayir, Sinan",Intestinal volvulus and perforation caused by multiple magnet ingestion: report of a case,Surgery Today,Bibliography Search,True,9,True,False,True,True,2025-04-17 17:12:00,Case Report,,"Department of Pediatric Surgery, Cerrahpas ̧a Medical Faculty","Istanbul, Turkey",10.1007/s00595-006-3330-6,N,N,Young (4 year old) child with ingestion of magnets. No mention of intention.
89,581,2007,"Lee, Tae Hee; Kang, Young Woo; Kim, Hyun Jin; Kim, Sun Moon; Im, Euyi Heog; Huh, Kyu Chan; Choi, Young Woo; Kim, Tae Hyo; Lee, Ok Jae; Jung, Un Tae",Foreign Objects in Korean Prisoners,The Korean Journal of Internal Medicine,Bibliography Search,False,,False,True,True,True,2025-04-14 16:40:23,Retrospective Case Series,33 Korean prisoners (52 episodes) who were admitted due to ingestion of foreign objects between January 1998 and June 2004,Konyang University Hospital and Gyeongsang National University Hospital,Korea,10.3904/kjim.2007.22.4.275,Y,N,
90,582,2008,"Bhattacharjee, Prosanta; Singh, Om",Repeated ingestion of sharp-pointed metallic objects,Archives of Iranian medicine,Bibliography Search,False,,False,True,True,True,2025-04-17 17:40:00,Case Report,"A 20-year-old woman was brought to the surgical outpatient department with the strange history of irresistible desire to ingest metallic substances, mainly nails and pins","Department of Surgery, I.P.G.M.E. & R/ S.S.K.M. Hospital","Kolkata, India",,Y,N,
91,583,2008,"Bisharat, May; O'Donnell, Mark E.; Gibson, Niall; Mitchell, Michael; Refsum, Sigi R.; Carey, P. Declan; Spence, Roy Aj; Lee, Jack",Foreign body ingestion in prisoners - the Belfast experience,The Ulster Medical Journal,Bibliography Search,False,,False,True,True,True,2025-04-17 17:50:00,Retrospective Case Series,A nine-year retrospective review of all prisoners presenting with foreign body ingestion to the Belfast City Hospital Surgical Unit,Belfast City Hospital,"Belfast, Northern Ireland, UK",,Y,N,
92,584,2008,"Chao, Hsiao-Hsiang; Chao, Tzu-Chieh",Perforation of the duodenum by an ingested toothbrush,World Journal of Gastroenterology,Bibliography Search,True,3,False,True,False,True,2025-04-18 09:20:00,Case Report,,,,,N,N,"""accidentally swallowed the handle of the broken toothbrush, which was 12 cm long"""
93,585,2008,"Herg√ºner, Sabri; Ozyildirim, Ilker; Tanidir, Cansaran",Is Pica an eating disorder or an obsessive-compulsive spectrum disorder?,Progress in Neuro-Psychopharmacology & Biological Psychiatry,Bibliography Search,True,5,True,True,True,True,2025-04-18 09:24:00,Case Report,,,,10.1016/j.pnpbp.2008.09.011,N,N,"5 year psychiatric case review. No information on individual ingestions, items, outcomes."
94,586,2008,"Kariholu, P. L.; Jakareddy, R.; Hemanthkumar, M.; Paramesh, K. N.; Pavankumar, N. P.",Pica - a case of acuphagia or hyalophagia?,The Indian Journal of Surgery,Bibliography Search,False,,False,True,True,True,2025-04-18 09:40:00,Case Report,20 year old female intentionally ingested 55 pieces of glass bangle. Subsequently diagnosed with depressive disorder and possible pica.,Surgical Case Report,India,10.1007/s12262-008-0040-x,Y,N,
95,587,2008,"O'Donnell, M. E.; Gibson, N.; Sharif, M. A.; Spence, R. a. J.; Lee, J.",Crohn's disease of the terminal ileum: a cheap diagnosis,Irish Journal of Medical Science,Bibliography Search,True,3,False,True,False,True,2025-04-18 09:47:00,Case Report,29M admitted to having accidentally swallowed a 20-pence coin about 4–5 months prior to this admission.,"Department of General Surgery, Belfast City Hospital","Belfast, Northern Ireland, UK",10.1007/s11845-007-0080-4,N,N,"Accidental ingestion - ""admitted to having accidentally swallowed a 20-pence coin about 4–5 months prior to this admission."""
96,588,2008,"Rodr√≠guez-Hermosa, J. I.; Codina-Cazador, A.; Sirvent, J. M.; Mart√≠n, A.; Giron√®s, J.; Garsot, E.",Surgically treated perforations of the gastrointestinal tract caused by ingested foreign bodies,Colorectal Disease: The Official Journal of the Association of Coloproctology of Great Britain and Ireland,Bibliography Search,False,,False,True,True,True,2025-04-18 09:51:00,Prospective Observational,"Between January 1995 and December 2006 all patients requiring surgery for intestinal perforation after FB ingestion were prospectively recorded. Excluded: FB extracted endoscopically, FB ingestion without perforation, oesophageal perforation and cases of perforation in which no FB was identified.","Departments of Colorectal and General Surgery and †Intensive Care Unit, Hospital Universitari de Girona Dr Josep Trueta","Griona, Spain",10.1111/j.1463-1318.2007.01401.x,Y,N,
97,589,2008,"Schierling, Steven; Snyder, Samuel K.; Custer, Monford; Pohl, John F.; Easley, David",Magnet ingestion,The Journal of Pediatrics,Bibliography Search,False,,True,True,True,True,2025-04-18 10:18:00,Case Report,6M intentional ingestion of magnets,"Section of Pediatric Gastroenterology, Department of Pediatrics, Scott and White Hospital, Texas A&M Health Science Center","Temple, Texas, USA",10.1016/j.jpeds.2007.08.042,Y,N,
98,590,2009,"Bhatia, Manjeet S.; and Gupta, Ravi",Pica responding to SSRI: An OCD spectrum disorder?,The World Journal of Biological Psychiatry,Bibliography Search,True,7,False,True,True,True,2025-04-10 08:23:54,Case Report,,,"Shahdara, Delhi, India",10.1080/15622970701308389,N,N,Ingestion of chalk with possible pica.
99,591,2009,"Ersoy, Y. E.; Ayan, F.; Ayan, F.; Ersan, Y.",Gastro-intestinal bezoars: thirty-five years experience,Acta Chirurgica Belgica,Bibliography Search,True,2,True,True,True,True,2025-04-18 10:28:00,,,,,10.1080/00015458.2009.11680405,N,N,"Focus on bezoars, with no mention of object ingestion. Mention of food and substances. Exclude."
100,592,2009,"Prieto-Aldape, Manuel Rodrigo; Almaguer-Garc√≠a, Francisco Issac; Figueroa-Jim√©nez, Sandra Edith; Fern√°ndez-D√≠az, Oscar; Mora-Huerta, Jos√© Antonio; Gonz√°lez-Ojeda, Alejandro",Relapsing massive metal bezoar: a case report,Journal of Medical Case Reports,Bibliography Search,False,,False,True,True,True,2025-04-18 13:28:25,Case Report,37M with schizophrenia presented with gastric obstruction and giant metal bezoar.,"Department of General Surgery of the ""Hospital Civil de Guadalajara Fray Antonio Alcalde"", University of Guadalajara.","Guadalajara, Jalisco, Mexico",10.1186/1752-1947-3-56,Y,N,
101,593,2009,"Saeed, Atif; Johal, Navroop S.; Aslam, Adil; Brain, Jeffrey; Fitzgerald, Ray J.",Attraction problems following magnet ingestion,Annals of the Royal College of Surgeons of England,Bibliography Search,False,,True,True,True,True,2025-04-18 11:17:00,Retrospective Case Series,"3, 3.5 and 11 year olds with ingestion of magnets.","Department ofPaediatric Surgery, Addenbrooke’s Hospital","Cambridge, UK",10.1308/147870809X450566,Y,N,
102,594,2009,"Yasin, Malik Amjad; Malik, Ghazala Nasreen; Malik, Sikandar Ali; Rathore, Farooq Azam",Metal in stomach: a rare cause of gastric bezoar,BMJ Case Reports,Bibliography Search,False,,False,True,True,True,2025-04-18 11:22:00,Case Report,22M paramedic with delusions metal bezoar after multple object ingestion,"Combined Military Hospital, General Surgery ","Rawalpindi, Punjab, Pakistan",10.1136/bcr.06.2008.0278,Y,N,
103,595,2010,"Ahmed, Ali M.; Hassab, Mohamed H.; Al-Hussaini, Abdulrahman A.; Al-Tokhais, Tariq I.",Magnetic toy ingestion leading to jejunocecal fistula in a child,Saudi Medical Journal,Bibliography Search,True,1,True,True,True,True,,,,,,,N,N,Full text not available
104,596,2010,"Ba≈üpinar, Irfan; Sahin, Sava≈ü; Erdoƒüan, G√ºltekin",[Acute mechanical intestinal obstruction after ingestion of foreign bodies: a case report],Ulusal travma ve acil cerrahi dergisi = Turkish journal of trauma & emergency surgery: TJTES,Bibliography Search,True,1,True,True,True,True,2025-04-18 11:30:00,,,,,,N,N,Article in Turkish
105,597,2010,"Brown, Daniel J.",Small bowel perforation caused by multiple magnet ingestion,The Journal of Emergency Medicine,Bibliography Search,False,,True,True,True,True,2025-04-18 11:36:00,Case Report,11M with ADHD ingestion of multiple magnets,"Department of Emergency Medicine, Brooke Army Medical Center","Fort Sam, Houston, Texas, USA",10.1016/j.jemermed.2008.04.007,Y,N,
106,598,2010,"Fry, Emily; Counselman, Francis L.",A right scrotal abscess and foreign body ingestion in a schizophrenic patient,The Journal of Emergency Medicine,Bibliography Search,False,,False,True,True,True,2025-04-18 11:50:00,Case Report,38M with schizophrenia ingestion of nails in suicide attempt.,Emergency Department,"Norfolk, Virginia, USA",10.1016/j.jemermed.2007.07.018,Y,N,
107,600,2010,"Karaman, A.; Torun, E.; Celikbilek, M.; G√ºrsoy, S.; Ozbakir, O.",Endoscopic Removal of an Unusual Foreign Body Causing Gastrointestinal Bleeding,Case Reports in Gastroenterology,Bibliography Search,True,9,False,True,False,True,2025-04-18 12:05:00,Case Report,,,,,N,N,"Not explicitly intentional - ""the patient did not remember how or when he had swallowed the hair comb"""
108,601,2010,"Smit, Samuel J. A.; Kleinhans, F.",Surgical practice in a maximum security prison - unique and perplexing problems,South African Medical Journal = Suid-Afrikaanse Tydskrif Vir Geneeskunde,Bibliography Search,True,10,False,True,True,True,2025-04-18 12:07:00,Retrospective Chart Review,Prisoners,High Secutiy PrisonMangaung Maximum Security Prison,,"Bloemfontein, South Africa",N,N,"Focusses on all surgical pathology seen in maximum security prison. Rates of intentional ingestion given, but not outcomes of interest."
109,602,2010,"te Wildt, Bert T.; Tettenborn, Christian; Schneider, Udo; Ohlmeier, Martin D.; Zedler, Markus; Zakhalev, Roman; Krueger, Martin",Swallowing Foreign Bodies as an Example of Impulse Control Disorder in a Patient With Intellectual Disabilities,Psychiatry (Edgmont),Bibliography Search,False,,False,True,True,True,2025-04-14 13:17:57,Case Report,A41-year -old male patient with intellectual disabilities presented after having swallowed approximately 20 sharp objects,Psychiatric Hospital,"Hannover, Germany",,Y,N,
110,604,2011,"Siddiqui, Zaka Ur Rab",Metal bezoars causing upper gastrointestinal obstruction in a schizophrenic,APSP journal of case reports,Bibliography Search,False,,True,True,True,True,2025-04-18 12:27:00,Case Report,17M with schizophrenia who ingested multiple metal objects resulting in bezoar.,Jinnah Postgraduate Medical Centre,"Karachi, Pakistan",,Y,N,
111,605,2011,"Sung, Sang Hun; Jeon, Seong Woo; Son, Hyuk Su; Kim, Sung Kook; Jung, Min Kyu; Cho, Chang Min; Tak, Won Young; Kweon, Young Oh",Factors predictive of risk for complications in patients with oesophageal foreign bodies,Digestive and Liver Disease: Official Journal of the Italian Society of Gastroenterology and the Italian Association for the Study of the Liver,Bibliography Search,True,9,True,False,False,True,2025-04-18 12:35:00,Retrospective Chart Review,,,Korea,10.1016/j.dld.2011.02.018,N,N,No mention of intention
112,606,2011,"Tokarski, Zbigniew; Florkowski, Antoni; Talarowska, Monika; Wierzbi≈Ñski, Piotr; ≈Åopaci≈Ñska, Iwona; Zboralski, Krzysztof; Szubert, S≈Çawomir",[Self-aggressive behavior in prisons],Polski Merkuriusz Lekarski: Organ Polskiego Towarzystwa Lekarskiego,Bibliography Search,True,1,True,True,True,True,,,,,,,N,N,Full text not available
113,607,2011,"Tonkic, Ante; Bogdanovic, Zoran; Grandiƒá, Leo",Successful endoscopic removal of a swallowed toothbrush: case report,Case Reports in Gastroenterology,Bibliography Search,True,3,False,True,False,True,2025-04-18 12:41:00,Case Report,18-year-old woman who accidentally swallowed her toothbrush,,"Split, Croatia",,N,N,"Accidental ingestion - ""18-year-old woman who accidentally swallowed her toothbrush"""
114,608,2011,"Wu, W.-T.; Chiu, C.-T.; Kuo, C.-J.; Lin, C.-J.; Chu, Y.-Y.; Tsou, Y.-K.; Su, M.-Y.",Endoscopic management of suspected esophageal foreign body in adults,Diseases of the Esophagus: Official Journal of the International Society for Diseases of the Esophagus,Bibliography Search,True,9,False,True,True,True,2025-04-18 12:44:00,Retrospective Chart Review,,,,10.1111/j.1442-2050.2010.01116.x,N,N,No mention of intention
115,609,2012,"Ambe, Peter; Weber, Sebastian A.; Schauer, Mathias; Knoefel, Wolfram T.",Swallowed Foreign Bodies in Adults,Deutsches √Ñrzteblatt international,Bibliography Search,True,3,True,True,False,True,2025-04-18 12:48:00,Review,Accidental ingestion,,,10.3238/arztebl.2012.0869,N,N,"Accidental ingestion - ""After excluding articles on intentional ingestion of foreign bodies"""
116,610,2012,"Atluri, Dileep; Veluru, Chandra; Chopra, Anish; Mullen, Kevin D.",Recurrent Intentional Foreign Body Ingestion: An Endoscopist's Dilemma,Gastroenterology & Hepatology,Bibliography Search,False,,False,True,True,True,2025-04-18 13:00:00,Retrospective Case Series,2 young adults with personality disorder and recurrent ingestion,"Division of Gastroenterology, Department of Medicine, MetroHealth Medical Center and Case Western Reserve University","Cleveland, Ohio, USA",,Y,N,
117,611,2012,"Cevizci, Mehmet Nuri; Karadaƒü, Cetin Ali; Demir, Mesut; Dokucu, Ali Ihsan",[Intestinal perforation due to multiple magnet ingestion: a case report],Ulusal travma ve acil cerrahi dergisi = Turkish journal of trauma & emergency surgery: TJTES,Bibliography Search,True,1,True,True,True,True,2025-04-18 13:18:00,Case Report,,,,10.5505/tjtes.2012.22457,Y,N,Article in Turkish
118,612,2012,"Chiu, Yu-Hui; Hou, Sen-Kuang; Chen, Sau-Chin; How, Chorng-Kuang; Lam, Carlos; Kao, Wei-Fong; Yen, David Hung-Tsang; Huang, Mu-Shun",Diagnosis and endoscopic management of upper gastrointestinal foreign bodies,The American Journal of the Medical Sciences,Bibliography Search,True,9,False,False,False,True,2025-04-18 13:51:00,Retrospective Chart Review,,,,10.1097/MAJ.0b013e3182263035,N,N,Only mentions accidental ingestions that were ignored.
119,613,2012,"Liu, Shiqi; Li, Jianhui; Lv, Yi",Gastrointestinal damage caused by swallowing multiple magnets,Frontiers of Medicine,Bibliography Search,True,9,True,True,True,True,2025-04-21 13:27:00,Review,,,,10.1007/s11684-012-0207-5,N,N,No mention of intention
120,614,2012,"Palese, Caren; Al-Kawas, Firas H.",Repeat intentional foreign body ingestion: the importance of a multidisciplinary approach,Gastroenterology & Hepatology,Bibliography Search,True,5,True,True,True,True,2025-04-18 13:55:00,Review,,,,,N,N,Review without original empirical evidence
121,615,2012,"Peng, Anquan; Li, Youzhong; Xiao, Zian; Wu, Weijing",Study of clinical treatment of esophageal foreign body-induced esophageal perforation with lethal complications,European Archives of Oto-Rhino-Laryngology,Bibliography Search,True,9,True,False,False,True,2025-04-14 14:25:07,Retrospective Chart Review,,,,10.1007/s00405-012-1988-5,N,N,No mention of intention
122,616,2012,"Sewpaul, A.; Shaban, F.; Venkatasubramaniam, A. K.; Tennant, D.; Kelly, S. B.",The case of the forgotten toothbrush,International Journal of Surgery Case Reports,Bibliography Search,True,9,True,False,False,True,2025-04-18 14:02:00,Case Report,,,,10.1016/j.ijscr.2012.01.008,N,N,"Male with learning difficulties and schizophrenia. Mentions that swallowed a toothbrush and forget to tell anybody, but does not mention whether or not intentional."
123,617,2013,"Ataya, A.; Alraiyes, A.H.; Alraies, M.C.",Razor blades in the stomach,QJM: An International Journal of Medicine,Bibliography Search,False,,False,True,True,True,2025-04-14 14:41:07,Case Report,29F with schizophrenia deliberately ingested 10 razor blades.,"Department of Medicine, Medicine Institute, Cleveland Clinic Foundation","Cleveland, Ohio, USA",10.1093/qjmed/hcs165,Y,N,
124,618,2013,"Cevik, Muazez; G√≥kdemir, Mehmet Tahir; Boleken, Mehmet Emin; Sogut, Ozgur; Kurkcuoglu, Can",The characteristics and outcomes of foreign body ingestion and aspiration in children due to lodged foreign body in the aerodigestive tract,Pediatric Emergency Care,Bibliography Search,True,9,True,True,False,True,2025-04-18 14:14:00,Retrospective Chart Review,Data from patients who were hospitalized for FB ingestion and/or aspiration and underwent rigid bronchoscopy and esophagoscopy from 2008 to 2011 were retrospectively evaluated,,,10.1097/PEC.0b013e31827b5374,N,N,"Author only refers to ""choking or accident""."
125,619,2013,"Erbil, B√ºlent; Karaca, Mehmet Ali; Aslaner, Mehmet Ali; Ibrahimov, Zaur; Kunt, Mehmet Mahir; Akpinar, Erhan; √ñzmen, Mehmet Mahir",Emergency admissions due to swallowed foreign bodies in adults,World Journal of Gastroenterology,Bibliography Search,True,3,False,True,False,True,2025-04-18 14:18:00,Retrospective Chart Review,Patients older than 16 years of age who presented to the ED between January 1st and December 31st of 2010 with complaints related to swallowed foreign bodies were identified from electronic health records and patient charts.,"Department of Emergency Medicine, Faculty of Medicine, Hacettepe University","Ankara, Turkey",10.3748/wjg.v19.i38.6447,N,N,"""The incident was self-reported as accidental in all patients"""
126,620,2013,"Fine, Sean; Watson, James B.; Habr, Fadlallah","Now You See It, Endo You Don't: Case of the Disappearing Knife",Gastroenterology,Bibliography Search,False,,False,True,True,True,2025-04-18 14:25:36,Case Report,32F with extensive IIFO history. Mediastinal migration of ingested knife,Department of Internal Medicine and 2Department of Gastroenterology‡ Warren Alpert School of Medicine Brown University,"Providence, Rhode Island, USA",,Y,N,
127,621,2013,"Kumar, Gupta Suresh; Amar, Verma; Ramesh, Bharti; Abbey, R. K.",Bizarre Metal Bezoar: A Case Report,Indian Journal of Surgery,Bibliography Search,False,,False,True,True,True,2025-04-14 13:29:54,Case Report,24M manic depressive male staggered ingestion of multiple long nails over course of one year.,"Department of Surgery, Dr Rajinder Prasad Medical College","Tanda, Himachal Pradesh, India",10.1007/s12262-012-0706-2,Y,N,
128,622,2013,"Li, Quan-Peng; Ge, Xian-Xiu; Ji, Guo-Zhong; Fan, Zhi-Ning; Zhang, Fa-Ming; Wang, Yun; Miao, Lin",Endoscopic retrieval of 28 foreign bodies in a 100-year-old female after attempted suicide,World Journal of Gastroenterology,Bibliography Search,False,,False,True,True,True,2025-04-18 14:36:00,Case Report,100F ingested 22 coins in suicide attempt due to unbearable pain,"Institute of Digestive Endoscopy and Medical Center for Digestive Diseases, Second Affiliated Hospital of Nanjing Medical University","Nanjing, Jiangsu Province, China",10.3748/wjg.v19.i25.4091,Y,N,
129,623,2013,"Misra, S.; Jain, V.; Ahmad, F.; Kumar, R.; Kishore, N.",Metallic sewing needle ingestion presenting as acute abdomen,Nigerian Journal of Clinical Practice,Bibliography Search,False,,False,True,True,True,2025-04-18 14:40:00,Case Report,26M with schizophrenia ingested 6 long needles,"epartment of Surgery, C.S.M. Medical University","Lucknow, Uttar Pradesh, India",10.4103/1119-3077.116879,Y,N,
130,624,2013,"Visagan, R.; Grossman, R.; Dimitriadis, P. A.; Desai, A.",‚ÄòCrohn'z meanz Heinz‚Äô: foreign body inflammatory mass mimicking Crohn‚Äôs disease,Case Reports,Bibliography Search,True,3,False,True,False,True,2025-04-14 14:15:12,Case Report,41F with ileocecal perforation 6 years after accidental ingestion of food packaging. Previously diagnosed with crohn's disease - not IIFO,"General Surgery Department, Heatherwood and Wexham Park Hospital","Slough, UK",10.1136/bcr-2013-009603,N,N,"""The patient had no recent recollection of consuming a meal involving the product found intraoperatively"""
131,625,2014,"Albeldawi, Mazen; Birgisson, Sigurbjorn",Conservative management of razor blade ingestion,Gastroenterology Report,Bibliography Search,False,,False,True,True,True,2025-04-18 15:09:00,Case Report,30F ingested 10 razor blades wrapped in paper and chewing gum,"Gastroenterology and Hepatology, Cleveland Clinic","Cleveland, Ohio, USA",10.1093/gastro/gou002,Y,N,
132,626,2014,"Bhasin, Sanjay K.; Kachroo, S. L.; Kumar, Vijay; Kumar, Raj; Chandail, Viajaynt Singh",7‚Äù long knife for 7 years in the duodenum: a rare case report and review of literature,International Surgery Journal,Bibliography Search,False,,False,True,True,True,2025-04-20 08:54:00,Case Report,"32F intentional ingestion of knife in apparently psychosis, in situ 7 years.","Postgraduate Department of Surgery, Government Medical College","Jammu, J&K, India",,Y,N,
133,627,2014,"Brown, Julie C.; Otjen, Jeffrey P.; Drugas, George T.",Pediatric magnet ingestions: the dark side of the force,American Journal of Surgery,Bibliography Search,True,9,True,False,False,True,2025-04-20 09:10:00,Retrospective Case Series,,,,10.1016/j.amjsurg.2013.12.028,N,N,Mixed cohort of intentional and non-intentional. No empirical data to separate outcomes for groups. Exclude. 
134,628,2014,"Dyke, Julia; Hendry, Kyle; Hill, Jason; Schultz, Michael; Mason, Evan; Glue, Paul",Management of a Cluster of Foreign Body Ingestion Incidents in Patients with Borderline Personality Disorder,Open Journal of Psychiatry,Bibliography Search,True,10,True,True,True,True,2025-04-21 13:30:00,Retrospective Chart Review,"This was a retrospective audit of a cluster of 12 incidents of DFBI in 4 female patients with Borderline Personality Disorder at a single hospital in Dunedin, New Zealand, over a 9 month period.",Single Hospital,"Dunedin, New Zealand",10.4236/ojpsych.2014.42014,N,N,Does not report rates of endoscopy and surgery
135,629,2014,"Emara, Mohamed H.; Darwiesh, Ehab M.; Refaey, Mohamed M.; Galal, Sherif M.",Endoscopic removal of foreign bodies from the upper gastrointestinal tract: 5-year experience,Clinical and Experimental Gastroenterology,Bibliography Search,True,9,True,True,True,True,2025-04-21 13:37:00,Retrospective Chart Review,,,,10.2147/CEG.S63274,N,N,No mention of intention
136,630,2014,"Morales, Yolanda Madrid; Guarnero, Peter Andrew",Non-suicidal self-injury among adult males in a correctional setting,Issues in Mental Health Nursing,Bibliography Search,True,2,True,True,True,True,2025-04-21 13:43:00,,,,,10.3109/01612840.2014.927943,N,N,Survey of patient motivations for NSSI. Does not focus on iIFO.
137,631,2014,"Narjis, Youssef","Surgical digestive emergencies in prisoners, about a prospective study","Journal of Emergencies, Trauma, and Shock",Bibliography Search,True,2,True,True,True,True,2025-04-21 13:45:00,,,,,10.4103/0974-2700.125647,,N,"Reports outcomes for all GI presentation, not just IIFO."
138,632,2014,"Petrea, S.; Brezean, I.",Self-ingested intraduodenal foreign bodies--expectancy or surgical sanction?,Journal of Medicine and Life,Bibliography Search,True,10,True,True,True,True,2025-04-21 13:48:00,Retrospective Chart Review,number of 47 cases registered between 2003 and 2010 in “Rahova” Penitentiary Hospital,Rahova Penitentiary Hospital,"Bucharest, Romania",,N,N,"Very difficult to extract data regarding outcomes of interest. Empirical data not given in tabular format and outcomes for subgroups given, but not who population. Exclude."
139,633,2014,"Ribas, Yolanda; Ruiz-Luna, David; Garrido, Marina; Bargall√≥, Josep; Campillo, Francesc",Ingested foreign bodies: do we need a specific approach when treating inmates?,The American Surgeon,Bibliography Search,True,1,True,True,True,True,,,,,,,N,N,Full text not available
140,635,2014,"Sugawa, Choichi; Ono, Hiromi; Taleb, Mona; Lucas, Charles E.",Endoscopic management of foreign bodies in the upper gastrointestinal tract: A review,World Journal of Gastrointestinal Endoscopy,Bibliography Search,True,5,True,True,True,True,2025-04-21 14:06:00,Review,,,,,N,N,Review without original empirical evidence
141,637,2015,"Kar, Sujita Kumar; Kamboj, Abhilove; Kumar, Rajesh",Pica and psychosis - clinical attributes and correlations: a case report,Journal of Family Medicine and Primary Care,Bibliography Search,False,,False,True,True,True,2025-04-20 09:27:00,Case Report,22F background schizophrenia with pica,"King George’s Medical University,","Lucknow, Uttar Pradesh, India",10.4103/2249-4863.152277,Y,N,
142,638,2015,"Kim, Darae; Yang, Pil-Sung; Choi, Jung-Ho; Seo, Jiwon; Chun, Kyeong-Hyeon; Lee, Sang-Eun; Hong, Geu-Ru; Joo, Hyun-Chel; Choi, Donghoon",Metallic foreign body in heart mimicking moderator band,Yonsei Medical Journal,Bibliography Search,True,2,False,True,False,True,2025-04-20 09:29:00,Case Report,,,,10.3349/ymj.2015.56.3.867,N,N,"Not intentional ingestion - ""It seemed most likely that a needle entered blood stream during acupuncture."""
143,639,2015,"Kim, Joo Heung; Lee, Dae Sup; Kim, Kwang Min",Acute appendicitis caused by foreign body ingestion,Annals of Surgical Treatment and Research,Bibliography Search,True,9,False,True,False,True,2025-04-14 13:00:01,Case Report,,,,10.4174/astr.2015.89.3.158,N,N,"Not explicitly intentional - ""the patient could not remember the fact of the foreign body ingestion."""
144,640,2015,"Kobiela, Jarek; Mittlener, Stanislaw; Gorycki, Tomasz; Lachinski, Andrzej; Adrych, Krystian",Vast collection of foreign bodies in the stomach presenting as acute gastrointestinal bleeding in a patient with schizophrenia,Endoscopy,Bibliography Search,False,,False,True,True,True,2025-04-20 09:38:00,Case Report,24M background of paranoid schizophrenia,"Department of General, Endocrine and Transplant Surgery Medical University of Gdansk","Gdansk, Poland",10.1055/s-0034-1392611,Y,N,
145,641,2015,"Ugenti, I.; Digennaro, R.; Martines, G.; Caputi Iambrenghi, O.",Double esophageal perforation by ingested foreign body: Endoscopic and surgical approach. A case report.,International Journal of Surgery Case Reports,Bibliography Search,True,3,False,True,False,True,2025-04-14 16:12:11,Case Report,,,,,N,N,"Appears unintentional ""chicken bone"", ""did not link symptoms to anything she had eaten"""
146,642,2015,"Upadhyay, Surjya Prasad; Zahir, Mohammad; Muttari, Hasan Al; Mallick, Piyush N.",A rare case of unusual migrated foreign bodies in kidney and their successful extraction using retrograde percutaneous nephrostomy,Qatar Medical Journal,Bibliography Search,True,3,False,True,False,True,2025-04-20 09:43:00,Case Report,,,,10.5339/qmj.2015.7,N,N,"""accidental ingestion of metallic objects which might have been mixed with minced meat of a kebab"""
147,643,2016,"Atayan, Yahya; Cagin, Yasir Furkan; Erdogan, Mehmet Ali; Bilgic, Yƒ±lmaz; Bestas, Remzi; Harputluoglu, Murat; Seckin, Y√ºksel",Lighter Ingestion as an Uncommon Cause of Severe Vomiting in a Schizophrenia Patient,Case Reports in Gastrointestinal Medicine,Bibliography Search,False,,False,True,True,True,2025-04-20 09:46:00,Case Report,"A 21-year-old male patient who had visual hallucinations and behavioral and cognitive disorders presented to the psychiatry clinic and was diagnosed with moderate mental retardation (patients were mismatched to The Wechsler Adult Intelligence Scale, IQ in the 39–49 range) and schizophrenia.","Department of Gastroenterology, G ̈ um  ̈ us  ̧hane State Hospital","G ̈ um  ̈ us  ̧hane, Turkey",10.1155/2016/6301302,Y,N,
148,644,2016,"August, Auriel; Mueller, Claudia",Early recognition is important when multiple magnets masquerade as a single chain after foreign body ingestion,Journal of Pediatric Surgery Case Reports,Bibliography Search,False,,True,True,True,True,2025-04-20 10:00:00,Case Report,10-year-old male with autism,"Department of Surgery, Dartmouth School of Medicine","Hanover, New Hampshire, USA",10.1016/j.epsc.2016.07.006,Y,N,
149,645,2016,"Bekkerman, Mikhael; Sachdev, Amit H.; Andrade, Javier; Twersky, Yitzhak; Iqbal, Shahzad",Endoscopic Management of Foreign Bodies in the Gastrointestinal Tract: A Review of the Literature,Gastroenterology Research and Practice,Bibliography Search,True,5,True,True,True,True,2025-04-21 14:08:00,Review,,,,,N,N,Review without original empirical evidence
150,646,2016,"Elghali, Mohamed amine; Ghrissi, Rafik; Fadhl, Houssem; Mahjoub, Mohamed; Jarrar, Mohamed Salah; Jedidi, Maher; Letaief, Rached; Hamila, Fehmi",The Management of Voluntary Ingestion of Razor Blades by Inmates,International Surgery,Bibliography Search,False,,False,True,True,True,2025-04-14 14:41:57,Retrospective Chart Review,"descriptive study including all detainees ingesting a razor blade, transferred from the prison to Farhat Hached University Hospital of Sousse, from January 1, 2014 to December 31, 2015",Farhat Hached University Hospital of Sousse,"Sousse, Tunisia",10.9738/INTSURG-D-16-00204.1,Y,N,
151,647,2016,"Geraci, Girolamo; Sciume', Carmelo; Di Carlo, Giovanni; Picciurro, Antonino; Modica, Giuseppe",Retrospective analysis of management of ingested foreign bodies and food impactions in emergency endoscopic setting in adults,BMC emergency medicine,Bibliography Search,False,,False,True,True,True,2025-04-21 14:43:00,Retrospective Chart Review,"recent history of foreign body ingestion or food bolus impaction were admitted over a 2-year period between December 2012 and December 2014, from the Emergency Room to the Emergency Digestive Endoscopy Service of University Hospital “Paolo Giaccone” in Palermo.",Emergency Digestive Endoscopy Service of University Hospital “Paolo Giaccone”,"Palermo, Italy",10.1186/s12873-016-0104-3,Y,N,
152,648,2016,"Hershman, Melissa",Pointing towards colonoscopy: sharp foreign body removal via colonoscopy,Annals of Gastroenterology,Bibliography Search,True,3,False,True,True,True,2025-04-20 10:02:00,Case Report,,,,,N,N,Two accidental cases
153,649,2016,"Kiran, S.; Gupta, Deepak; Sadalage, Abhishek; Gupte, Amit; Jain, Abhinav; Shukla, Akash",Swallowed toothbrush: Case series,Journal of Digestive Endoscopy,Bibliography Search,True,3,False,True,True,True,2025-04-20 10:05:00,Retrospective Case Series,,,,,N,N,"""All three patients presented to the Emergency Department with a history of accidental swallowing of the toothbrush when trying to clean the posterior part of the tongue with tongue cleaner on the brush head"""
154,650,2016,"Leinwand, Kristina; Brumbaugh, David E.; Kramer, Robert E.",Button Battery Ingestion in Children: A Paradigm for Management of Severe Pediatric Foreign Body Ingestions,Gastrointestinal Endoscopy Clinics of North America,Bibliography Search,True,9,True,False,False,True,2025-04-21 14:51:00,Case Series,,,,10.1016/j.giec.2015.08.003,N,N,No mention of intention. 10/13 < 4 years of age.
155,651,2016,"Mazek, Haitham; Sherif, Khaled; Islam, Sameer; Nugent, Kenneth",An Unusual Number of Self-ingested Foreign Bodies,The American Journal of the Medical Sciences,Bibliography Search,False,,False,True,True,True,2025-04-20 10:16:00,Case Report,A 34-year-old male inmate with a history of schizophrenia presented to the emergency department complaining of acute worsening epigastric pain for the preceding 7 days,"Internal Medicine Department, Texas Tech University Health Science Center","Lubbock, Texas, USA",10.1016/j.amjms.2016.05.022,Y,N,
156,652,2016,"Obinwa, Obinna; Cooper, David; O‚ÄôRiordan, James M.",An ingested mobile phone in the stomach may not be amenable to safe endoscopic removal using current therapeutic devices: A case report,International Journal of Surgery Case Reports,Bibliography Search,False,,False,True,True,True,2025-04-14 13:57:54,Case Report,29M Prisoner ingested mobile phone,"Department of Surgery, The Adelaide and Meath Hospital","Tallaght, Dublin, Ireland",10.1016/j.ijscr.2016.03.043,Y,N,
157,653,2016,"Trachsel, Manuel; Irwin, Scott A.; Biller-Andorno, Nikola; Hoff, Paul; Riese, Florian","Palliative psychiatry for severe persistent mental illness as a new approach to psychiatry? Definition, scope, benefits, and risks",BMC psychiatry,Bibliography Search,True,2,True,True,True,True,2025-04-21 14:54:00,,,,,10.1186/s12888-016-0970-y,N,N,Focus on palliative psychiatry
158,654,2017,"Ali, Syed Muhammad",Duodenal Perforation by Swallowed Toothbrush: Case Report and Review of Literature,Open Access Journal of Surgery,Bibliography Search,False,,False,True,True,True,2025-04-21 09:00:00,Case Report,21M swallowed toothbrush 1 year ago with suicidal intention,"Department of Surgery, Hamad Medical Corporation","Doha, Qatar",10.19080/OAJS.2017.04.555632,Y,N,
159,656,2017,"Sarici, Inanc Samil; Topuz, Omer; Sevim, Yusuf; Sarigoz, Talha; Ertan, Tamer; Karabƒ±yƒ±k, Ozgur; Koc, Ali",Endoscopic Management of Colonic Perforation due to Ingestion of a Wooden Toothpick,The American Journal of Case Reports,Bibliography Search,True,3,False,True,False,True,2025-04-21 09:21:00,Case Report,,,,10.12659/AJCR.902004,N,N,"""history of an inadvertently ingested wooden toothpick"""
160,657,2017,"Zamary, Kirellos R.; Davis, James W.; Ament, Emily E.; Dirks, Rachel C.; Garry, John E.",This too shall pass: A study of ingested sharp foreign bodies,Journal of Trauma and Acute Care Surgery,Bibliography Search,True,9,True,True,True,True,2025-04-21 14:58:00,Retrospective Chart Review,,,,10.1097/TA.0000000000001265,N,N,No mention of intention
161,658,2018,"Camacho Dorado, Cristina; S√°nchez Gallego, Alba; Miota de Llama, Jose Ignacio; Gonz√°lez Masi√°, Jose Antonio",Metallic bezoar after suicide attempt,Cirugia Espanola,Bibliography Search,False,,False,True,True,True,2025-04-21 09:26:00,Case Report,"44-year-old male with intellectual disability who, after intentional self-harm by swallowing a large number of metallic objects, went to the emergency department due to lower gastrointestinal bleeding","Cirugı  ́a General, Hospital General Universitario de Albacete","Albacete, Spain",10.1016/j.ciresp.2018.02.015,Y,N,
162,660,2018,"Dal, Fatih; Hatipoƒülu, Engin; Teks√∂z, Serkan; Ertem, Metin",Foreign body: A sewing needle migrating from the gastrointestinal tract to pancreas,Turkish Journal of Surgery,Bibliography Search,True,3,False,True,False,True,2025-04-21 09:28:00,Case Report,,,,10.5152/turkjsurg.2017.3391,N,N,"""accidentally swallowed a sewing needle seven years ago."""
163,661,2018,"Emamhadi, Mohammad Ali; Najari, Fares; Hedayatshode, Mohammad Javad; Sharif, Shokoufeh",Sudden Death Following Oral Intake of Metal Objects (Acuphagia): a Case Report,"Emergency (Tehran, Iran)",Bibliography Search,False,,False,True,True,True,2025-04-21 09:39:00,Forensic Case Report,"44-year-old man who was brought to emergency department following severe abdominal pain, but died before admission or receiving any treatments","Department of Forensic Medicine, Shahid Beheshti University of Medical Sciences","Tehran, Iran",,Y,N,
164,662,2018,"Lib√¢nio, Diogo; Garrido, M√≥nica; J√°come, Filipa; Dinis-Ribeiro, M√°rio; Pedroto, Isabel; Marcos-Pinto, Ricardo",Foreign body ingestion and food impaction in adults: better to scope than to wait,United European Gastroenterology Journal,Bibliography Search,True,9,False,False,False,True,2025-04-21 15:02:00,,,,,10.1177/2050640618765804,N,N,
165,663,2018,"Montacer, Khaoula El; Haddad, Fouad; Mansouri, Souhaila El; Tahiri, Mohammed; Hliwa, Wafaa; Bellabah, Ahmed; Badre, Wafaa",[An ileo-caecal foreign body mimicking a Crohn disease: case report],The Pan African Medical Journal,Bibliography Search,True,1,True,True,True,True,2025-04-21 09:48:00,,,,,10.11604/pamj.2018.31.236.16816,N,N,Article in French
166,664,2018,"Yuan, Fangfang; Tang, Xiaowei; Gong, Wei; Su, Lei; Zhang, Yali",Endoscopic management of foreign bodies in the upper gastrointestinal tract: An analysis of 846 cases in China,Experimental and Therapeutic Medicine,Bibliography Search,True,9,True,False,False,True,2025-04-21 15:03:00,,,,,10.3892/etm.2017.5561,N,N,No mention of intention
167,665,2019,"Al-Musawi, Mohammed; Rubay, David; Ohanisian, Levonti; Sidley, Angel; Abed, Ali N.",An Unusual Presentation of a Cardiac Foreign Body in a Pediatric Patient,Cureus,Bibliography Search,True,9,True,False,False,True,2025-04-21 09:51:00,Case Report,,,,10.7759/cureus.4829,N,N,"""What remains uncertain in our case is how the FB was introduced into the patient’s heart."""
168,667,2019,,Paper or Plastic? A Foreign Body Ingestion Leading to Small Bowel Obstruction. A Case Report,ARC Journal of Clinical Case Reports,Bibliography Search,False,,False,False,True,True,2025-04-21 09:53:00,Case Report,A 91 year old female with late stage dementia presented to the emergency department with acute onset of abdominal pain and vomiting,,,10.20431/2455-9806.0502002,Y,N,
169,669,2020,"Lee, Jeffrey; Thomas, Jessina; Rowland, Patrick; Jump, Candi",Ingestion of an Entire Vaping Device,Journal of Pediatric Gastroenterology and Nutrition,Bibliography Search,True,3,True,True,False,True,2025-04-21 10:04:00,Case Report,A previously healthy 15-year-old boy presented to us after he had accidentally swallowed his vaping device,,,10.1097/MPG.0000000000002791,N,N,"""A previously healthy 15-year-old boy presented to us after he had accidentally swallowed his vaping device"""
170,670,2020,"Limpias Kamiya, Kenji Jl; Hosoe, Naoki; Takabayashi, Kaoru; Hayashi, Yukie; Sun, Xi; Miyanaga, Ryoichi; Fukuhara, Kayoko; Fukuhara, Seiichiro; Naganuma, Makoto; Nakayama, Atsushi; Kato, Motohiko; Maehata, Tadateru; Nakamura, Rieko; Ueno, Koichi; Sasaki, Junichi; Kitagawa, Yuko; Yahagi, Naohisa; Ogata, Haruhiko; Kanai, Takanori",Endoscopic removal of foreign bodies: A retrospective study in Japan,World Journal of Gastrointestinal Endoscopy,Bibliography Search,True,9,True,False,False,True,2025-04-21 15:07:00,,,,,10.4253/wjge.v12.i1.33,N,N,No mention of intention
171,672,2020,"Pawar, Ankush; Dalal, Ashok; Dahale, Amol; Sachdeva, Sanjeev; Puri, Amarender Singh",Mobile Phone in Stomach‚ÄîIs Endoscopic Trial Worthwhile?: A Case Report,Journal of Digestive Endoscopy,Bibliography Search,True,7,True,True,True,True,2025-04-21 10:07:00,Case Report,,,,10.1055/s-0039-3401455,N,N,Co-ingestion of drug packets
172,673,2020,"Skok, Pavel; Skok, Kristijan","Urgent endoscopy in patients with ""true foreign bodies"" in¬†the¬†upper¬†gastrointestinal tract - a retrospective study of¬†the¬†period 1994-2018",Zeitschrift Fur Gastroenterologie,Bibliography Search,True,9,True,False,False,True,2025-04-21 15:12:00,,,,,10.1055/a-1062-9011,N,N,No mention of intention
173,674,2020,"Tsuruya, Kota; Chino, Osamu; Tanaka, Yoichi; Shimma, Yoshimasa; Tsuda, Shingo; Kikuchi, Masahiro; Shiozawa, Hirokazu; Aoki, Jun; Nakamura, Tomoki; Hanashi, Tomoko; Suzuki, Takayoshi; Matsushima, Masashi",Successful combination of endoscopic and laparoscopic removal of multiple ingested needles: A case report,Medicine,Bibliography Search,True,3,False,True,False,True,2025-04-21 10:08:00,Case Report,,,,10.1097/MD.0000000000019343,N,N,"""accidentally swallowed some needles while practicing a magic trick 2 days before"""
174,675,2021,"AlMuhsin, Ahmed M.; Alsalman, Fatima; Bubshait, Ahmad; Hajar, Rami O. Abu; AlMuhsin, Ahmed M.; Alsalman, Fatima; Bubshait, Ahmad; Hajar, Rami O. Abu",Surgical Management of Massive Metal Bezoar,Cureus,Bibliography Search,False,,False,True,True,True,2025-04-24 10:12:00,Case Report,A 29-year-old male patient was brought to the emergency department (ED) by his family after witnessing swallowing multiple sharp metallic nails a day before the presentation.,"Department of General Surgery, Security Forces Hospital,","Dammam, Saudi Arabia",10.7759/cureus.12597,Y,N,
175,676,2021,"Kappagantu, Vignan; Mishra, Prakash Ranjan; Ranjan, Anupam Kumar; Aggarwal, Praveen; Agarwal, Ashish; G., Bharath",Mobile phone ingestion requiring endoscopic retrieval,The American Journal of Emergency Medicine,Bibliography Search,True,7,False,True,True,True,2025-04-14 13:57:40,Case Report,,,,10.1016/j.ajem.2020.08.102,N,N,"Co-ingestion ""He also claimed that he consumed three plastic packets of herbal purgative in an unsuccessful attempt to vomit the mobile phone."""
176,677,2021,"Masood, Muaaz","Intentional Foreign Body Ingestions: A Complex, Recurrent and Costly Issue",American Journal of Case Reports,Bibliography Search,True,6,True,True,True,True,2025-04-21 15:14:00,Case Report,,,,10.12659/AJCR.934164,N,N,Duplicate Study_ID == 375
177,678,2021,"Wang, Xin; Su, Shuai; Chen, Yiming; Wang, Zelan; Li, Ying; Hou, Junjie; Zhong, Weilong; Wang, Yuming; Wang, Bangmao","The removal of foreign body ingestion in the upper gastrointestinal tract: a retrospective study of 1,182 adult cases",Annals of Translational Medicine,Bibliography Search,True,9,False,False,True,True,2025-04-21 15:16:00,,,,,10.21037/atm-21-829,N,N,No mention of intention
178,679,2022,"Liu, Qing; Liu, Fei; Xie, Huahong; Dong, Jiaqiang; Chen, Hui; Yao, Liping",Emergency Removal of Ingested Foreign Bodies in 586 Adults at a Single Hospital in China According to the European Society of Gastrointestinal Endoscopy (ESGE) Recommendations: A 10-Year Retrospective Study,Medical Science Monitor: International Medical Journal of Experimental and Clinical Research,Bibliography Search,False,,True,True,True,True,2025-04-21 15:27:00,Retrospective Chart Review,This retrospective study evaluated the 10-year experience of a single hospital in China performing emergency removal of ingested foreign bodies in 586 adults.,"National Clinical Research Center for Digestive Diseases and Xijing Hospital of Digestive Diseases, Air Force Medical University,","Xi'an, Shaanxi, China",10.12659/MSM.936463,Y,N,
179,680,2022,"Mesfin, Telila; Tekalegn, Yohannes; Aman, Mudesir; Geta, Girma; Ketema, Adugna; Defere, Fekata; Girma, Dejene; Tsegaye, Mesfin; Mengistu, Takele; Seyoum, Kenbon",Ingestion of Metallic Materials Found in the Stomach and First Part of the Duodenum of a Schizophrenic Man: Case Report,International Medical Case Reports Journal,Bibliography Search,False,,False,True,True,True,2025-04-21 10:23:00,Case Report,22 year old male patient who presented with abdominal distension and vomiting of ingested matter of two to three episodes per day of one month duration,"Department of Medicine, Madda Walabu University Goba General Hospital","Goba, Oromia, Ethiopia",10.2147/IMCRJ.S386883,Y,N,
180,681,2022,"Mesfin, Yikunoamlak",The Will to Live and Reverence for Life: A Philosophical Base for Biocentrism,International Journal of Applied Philosophy,Bibliography Search,True,2,True,True,True,True,2025-04-21 15:33:00,,,,,,N,N,
181,682,2022,"Sagvand, Babak T.; Najafali, Daniel; Yardi, Isha; Sahadzic, Iana; Afridi, Leenah; Kohler, Alyssa; Afridi, Ikram; Kaur, Noorvir; Tran, Quincy K.",Emergent Endoscopy for Esophageal Foreign Body Removal: The Impact of Location,Cureus,Bibliography Search,False,,False,True,True,True,2025-04-21 15:36:00,Retrospective Chart Review,"We reviewed charts of patients who underwent EGD for foreign body removal at an academic quaternary center between January 01, 2012, and December 31, 2020.","Emergency Medicine and Critical Care, University of Maryland School of Medicine,","Maryland, Baltimore, USA",10.7759/cureus.21929,Y,N,
182,683,2022,"Yan, Tyler D.; Leung, Philemon H. Y.; Zwirewich, Charles; Harris, Alison; Chartier-Plante, Stephanie",An unusual cause of pericardial effusion: A case report of a hepatic abscess following foreign body migration and duodenal perforation,International Journal of Surgery Case Reports,Bibliography Search,False,,False,True,True,True,2025-04-21 12:00:00,Case Report,A 59-year-old female living in an intensive tertiary mental health facility,"Department of Surgery, University of British Columbia","Vancouver, British Colubia, Canada",10.1016/j.ijscr.2022.106931,Y,N,
183,684,2023,"Anand, Madhur; Topno, Noor; Lynrah, Kyrshanlang G.; Aggarwal, Swati",Doormatobezoar: first case report of a bezoar formed by doormat ingestion,International Surgery Journal,Bibliography Search,False,,True,True,True,True,2025-04-21 12:08:00,Case Report,A 12 years old male child presented to us with complaints of pain upper abdomen on and off for 2 months,King George’s Medical University,"Lucknow, India",10.18203/2349-2902.isj20230996,Y,N,
184,686,2023,"Jin, Shengjian; Horiguchi, Taigo; Ma, Xiaolong; Yuan, Shichao; Liu, Qingguo",Metallic foreign bodies ingestion by schizophrenic patient: a case report,Annals of Medicine and Surgery,Bibliography Search,False,,False,True,True,True,2025-04-21 12:20:00,Case Report,a rare case of a 39-year-old man with schizophrenia who ingested a large number of sharp metal objects,"Department of Gastroenterological Surgery, Tangshan Gongren Hospital","Tangshan, China",10.1097/MS9.0000000000000497,Y,N,
185,687,2023,"Ngu, Natalie Lee Yee; Karp, Jadon; Taylor, Kirstin","Patient characteristics, outcomes and hospital-level healthcare costs of foreign body ingestion from an Australian, non-prison referral centre",BMJ Open Gastroenterology,Bibliography Search,False,,True,True,True,True,2025-03-30 10:21:11,Retrospective Chart Review,"A retrospective cohort study of patients with FBI was performed at a non-prison referral centre in Melbourne, Australia. International Classification of Disease-10 coding identified patients with gastrointestinal FBI over financial years 2018–2021. Exclusion criteria were food bolus, medication foreign body, object in anus or rectum, or non-ingestion. Criteria for ‘emergent’ classification were oesophagus, size >6 cm, disc batteries, airway compromise, peritonitis, sepsis and/or suspected viscus perforation.",Non-prison referral centre,"Melbourne, Australia",10.1136/ bmjgast-2022-001087,Y,N,
186,688,2023,"Rezazadeh, Amin; Khanghah, Ali Samady; Mousazadeh, Siamak; Noori, Farzad",Removing 216 sharp metal foreign objects from the digestive tract of a 30-year-old male: case report,Annals of Medicine and Surgery (2012),Bibliography Search,True,6,True,True,True,True,2025-04-21 12:24:00,Case Report,"a case of surgically removing plenteous sharp-pointed metallic foreign bodies ingested by a young male deaf-mute bipolar schizoaffective patient from his stomach, intestine, and rectum","Department of Surgery, Fatemi Hospital, Ardabil University of Medical Sciences","Ardabil, Iran",10.1097/MS9.0000000000000377,N,N,Duplicate Study_ID == 439
187,689,2024,,(PDF) Doormatobezoar: first case report of a bezoar formed by doormat ingestion,ResearchGate,Bibliography Search,True,6,True,True,True,True,2025-04-21 12:00:00,Case Report,,,,,N,N,Duplicate
188,690,2024,,Bite the bullet: Lead poisoning after ingestion of 206 lead bullets,ResearchGate,Bibliography Search,True,6,True,True,True,True,2025-03-12 15:37:41,,,,,,N,N,Duplicate Study_ID == 545
189,691,2009,"Song, Young S; Covarrubias, Diego A; Nardi, Peter M",Foreign Body Appendicitis,,Bibliography Search,True,3,False,True,False,True,2025-04-21 12:29:00,Case Report,,,,10.2214/AJR.08.2148,N,N,"""patient cannot recall the exact time of foreign body ingestion,"""
190,692,2016,"Qureshi NA, Cherian N, Ben-Hamida A, Solkar MH",Endoscopic Retrieval of an Intentionally Ingested Mobile Phone in an Adult: First Case Report of its Kind,,Bibliography Search,False,,False,True,True,True,2025-04-21 16:07:00,Case Report,A 30‐year‐old gentleman attended the Accident and Emergency (A&E) department at Tameside Hospital NHS Trust with a history of ingestion of mobile phone eight weeks earlier.,Tameside General Hospital NHS Trust,"Ashton-under-Lyne, UK",,Y,N,
191,693,2015,,Escalating Ingestion of Razor Blades in a Patient With Borderline Personality Disorder,Psychiatrist.com,Bibliography Search,True,11,False,True,True,True,2025-04-21 12:43:00,Case Report,,,,10.4088/PCC.14l01719,N,N,Unable to separate outcomes for multiple ingestions
192,694,1995,"Rodger, C.R.","Frequent Deliberate Self-Harm: Repetition, Suicide and Cost after Three or More Years - C R Rodger, 1995",Scottish Medical Journal,Bibliography Search,True,2,True,True,True,True,2025-04-21 16:11:00,,,,,10.1177/003693309504000104,N,N,Looks at repition rates after deliberate self-harm. No IIFO focus. Exclude.
193,695,2007,"Kim, In Hee; Kim, Hyun Chul; Koh, Kang Hun; Kim, Seong Hun; Kim, Sang Wook; Lee, Seung Ok",Journey of a Swallowed Toothbrush to the Colon,Korean J Intern Med,Bibliography Search,True,9,False,False,False,True,2025-04-21 12:54:00,Case Report,,,,10.3904/kjim.2007.22.2.106,N,N,Not explicitly intentional
