id,Publication Year,Authors,Title,Publication Title,Database,Exclude,Reason ID,Comments
3,1886,Mh Richardson,"A Case Of Gastrotomy. Digital Exploration Of Sophagus, And Removal Of Plate Of Teeth; Recovery: Remarks Upon The Operation, And Observations Upon The ...",The Boston Medical And Surgical Journal,Google Scholar,,,
4,1892,L Otologists,Association Meetings.,,Google Scholar,,,
7,1907,G Killian,Xx. The Treatment Of Foreign Bodies In The Respiratory Tract And Esophagus: An Address Delivered Before The American Laryngological. Rhinological And Otological ...,Annals Of Otology,Google Scholar,,,
15,1925,L Richards,A Year Of Endoscopy,The Boston Medical And Surgical Journal,Google Scholar,,,
21,1975,"Rj Jones, Pc Samson",Esophageal Injury,The Annals Of Thoracic Surgery,Google Scholar,,,
22,1976,Pk Kottmeier,What The Pediatrician Should Know About Pediatric Trauma,Current Problems In Pediatrics,Google Scholar,,,
23,1977,Wd Chasin,Pediatric Otolaryngologic Crises,Hospital Practice,Google Scholar,,,
24,1979,Js Kruter,A Comprehensive Nursing Approach To Pediatric Facial Injuries,Issues In Comprehensive Pediatric Nursing,Google Scholar,,,
25,1982,"Ge Newman, El Effman, Ce Putman",Pulmonary Aspiration Complexes In Adults,Current Problems In Diagnostic ...,Google Scholar,,,
26,1983,"Lr Goodman, Sk Teplick",Computed Tomography In Acute Cardiopulmonary Disease,Radiologic Clinics Of North America,Google Scholar,,,
27,1984,Al Weher,Radiology Of The Larynx,Otolaryngologic Clinics Of North America,Google Scholar,,,
32,1988,Jl Strife,Upper Airway And Tracheal Obstruction In Infants And Children,Radiologic Clinics Of North America,Google Scholar,,,
33,1989,"Je Schunk, H Corneli, R Bolte",Pediatric Coin Ingestions: A Prospective Study Of Coin Location And Symptoms,American Journal Of Diseases Of ...,Google Scholar,,,
38,1992,Wk Clarkston,"Gastrointestinal Foreign Bodies: When To Remove Them, When To Watch And Wait",Postgraduate Medicine,Google Scholar,,,
39,1993,"T Ken, Y Sunichi, U Toshiro, T Tomoo...",Endoscopic Removal Of Foreign Bodies In The Mentally And Physically Handicapped,Chinese Medical ...,Google Scholar,,,
40,1993,"Rd Kaye, Rg Grifka, R Towbin",Intervention In The Thorax In Children,Radiologic Clinics Of North America,Google Scholar,,,
41,1994,Rs Lan,Non-Asphyxiating Tracheobronchial Foreign Bodies In Adults,European Respiratory Journal,Google Scholar,,,
46,1996,"O'Sullivan, S. T.; Reardon, C. M.; Mcgreal, G. T.; Hehir, D. J.; Kirwan, W. O.; Brady, M. P.",Deliberate Ingestion Of Foreign Bodies By Institutionalised Psychiatric Hospital Patients And Prison Inmates,Irish Journal Of Medical Science,PubMed,,,
50,1996,"Ps Lemberg, Dh Darrow...",Aerodigestive Tract Foreign Bodies In The Older Child And Adolescent,Annals Of Otology ...,Google Scholar,,,
51,1996,"Losanoff, J. E.; Kjossev, K. T.",Gastrointestinal 'Crosses'. A New Shade From An Old Palette,"Archives Of Surgery (Chicago, Ill. : 1960)",PubMed,,,
52,1997,"Bf Gilchrist, Ep Valerie, M Nguyen, C Coren...","Pearls And Perils In The Management Of Prolonged, Peculiar, Penetrating Esophageal Foreign Bodies In Children",Journal Of Pediatric ...,Google Scholar,,,
53,1997,"Gilchrist, B. F.; Valerie, E. P.; Nguyen, M.; Coren, C.; Klotz, D.; Ramenofsky, M. L.","Pearls And Perils In The Management Of Prolonged, Peculiar, Penetrating Esophageal Foreign Bodies In Children",Journal Of Pediatric Surgery,PubMed,,,
54,1997,"Losanoff, J. E.; Kjossev, K. T.; Losanoff, H. E.","Oesophageal ""Cross""--A Sinister Foreign Body",Journal Of Accident & Emergency Medicine,PubMed,,,
55,1997,"Ae Altmann, J Ozanne-Smith",Non-Fatal Asphyxiation And Foreign Body Ingestion In Children 0-14 Years.,Injury Prevention,Google Scholar,,,
57,1998,"Se Morrow, Sw Bickler, Ap Kennedy, Cl Snyder...",Balloon Extraction Of Esophageal Foreign Bodies In Children,Journal Of Pediatric ...,Google Scholar,,,
58,1998,Ah Messner,Pitfalls In The Diagnosis Of Aerodigestive Tract Foreign Bodies,Clinical Pediatrics,Google Scholar,,,
59,1998,"Nha Kasim, Bjj Abdullah, J Mahadevan...",The Radiopacity Of Dental Prostheses (Fixed And Removable) On Plain Radiographs-An Experimental Study,Annals Of Dentistry ...,Google Scholar,,,
60,1998,"Goldman, R. D.; Schachter, P.; Katz, M.; Bilik, R.; Avigad, I.",A Bizarre Bezoar: Case Report And Review Of The Literature,Pediatric Surgery International,PubMed,,,
61,1998,"Csaky, G; Szederkenyi, I; Botos, A; Kiss, I",Laparoscopic Removal Of A Foreign Body From The Jejunum,Surgical Laparoscopy & Endoscopy,Web of Science,,,
64,1999,"Calkins, C. M.; Christians, K. K.; Sell, L. L.",Cost Analysis In The Management Of Esophageal Coins: Endoscopy Versus Bougienage,Journal Of Pediatric Surgery,PubMed,,,
65,1999,"Cheng, W.; Tam, P. K.","Foreign-Body Ingestion In Children: Experience With 1,265 Cases",Journal Of Pediatric Surgery,PubMed,,,
66,1999,"Kuo, J. Y.; Mo, L. R.; Tsai, C. C.; Chou, C. Y.; Lin, R. C.; Chang, K. K.",Nonoperative Treatment Of Gastric Bezoars Using Electrohydraulic Lithotripsy,Endoscopy,PubMed,,,
71,2001,"Robins, B.; Das, A. K.",Anesthetic Management Of Acquired Tracheoesophageal Fistula: A Brief Report,Anesthesia And Analgesia,PubMed,,,
73,2002,"Moshfeghi, Darius M.; Wilson, Matthew W.; Martin, Terry L.; Haik, Barrett G.",Swallowed Ocular Prostheses: Report Of Three Cases In Children With Retinoblastoma,Ophthalmic Plastic And Reconstructive Surgery,PubMed,,,
77,2003,"Janik, Je; Janik, Js",Magill Forceps Extraction Of Upper Esophageal Coins,Journal Of Pediatric Surgery,Web of Science,,,
78,2003,"Kieffer, E; Chiche, L; Gomes, D",Aortoesophageal Fistula - Value Of In Situ Aortic Allograft Replacement,Annals Of Surgery,Web of Science,,,
80,2004,"Butterworth, J. R.; Wright, K.; Boulton, R. A.; Pathmakanthan, S.; Goh, J.",Management Of Swallowed Razor Blades-Retrieve Or Wait And See?,Gut,PubMed,,,
81,2004,"De Lucas, Em; Sádaba, P; García-Barón, Pl; Ruiz-Delgado, Ml; Sánchez, Fg; Ortiz, A; Pagola, Ma",Value Of Helical Computed Tomography In The Management Of Upper Esophageal Foreign Bodies,Acta Radiologica,Web of Science,,,
82,2004,"Karaman, Ayşe; Cavuşoğlu, Y. Hakan; Karaman, Ibrahim; Erdoğan, Derya; Aslan, M. Kemal; Cakmak, Ozden",Magill Forceps Technique For Removal Of Safety Pins In Upper Esophagus: A Preliminary Report,International Journal Of Pediatric Otorhinolaryngology,PubMed,,,
84,2004,"Rodríguez Hermosa, J. I.; Roig García, J.; Ruiz Feliú, B.; Gironès Vilà, J.; Codina Cazador, A.; Pont Vallès, J.; Figa Francesch, M.; González Huix, F.; Acero Fernández, D.",Recurrent Ingestion Of Foreign Bodies And Abdominal Self-Injury As A Form Of Attempted Suicide,Gastroenterologia Y Hepatologia,PubMed,,,
85,2004,"Tupesis, J. P.; Kaminski, A.; Patel, H.; Howes, D.",A Penny For Your Thoughts: Small Bowel Obstruction Secondary To Coin Ingestion,Journal Of Emergency Medicine,PubMed,,,
87,2005,"Kay, Marsha; Wyllie, Robert",Pediatric Foreign Bodies And Their Management,Current Gastroenterology Reports,PubMed,,,
88,2005,"Louie, Jeffrey P.; Alpern, Elizabeth R.; Windreich, Randy M.",Witnessed And Unwitnessed Esophageal Foreign Bodies In Children,Pediatric Emergency Care,PubMed,,,
89,2005,"Abraham, Benjamin; Alao, Adekola O.",An Unusual Foreign Body Ingestion In A Schizophrenic Patient: Case Report,International Journal Of Psychiatry In Medicine,PubMed,,,
90,2005,"Assink, Joeri; Vierhout, Bastiaan P.; Snellen, Jaap P.; Benner, Paul M.; Paul, Marinus A.; Cuesta, Miguel A.; Wisselink, Willem",Emergency Endovascular Repair Of An Aortoesophageal Fistula Caused By A Foreign Body,Journal Of Endovascular Therapy : An Official Journal Of The International Society Of Endovascular Specialists,PubMed,,,
92,2006,"Alao, A. O.; Abraham, B.",Foreign Body Ingestions In A Schizophrenic Patient,West African Journal Of Medicine,PubMed,,,
93,2006,"Ayantunde, A. A.; Oke, T.",A Review Of Gastrointestinal Foreign Bodies,International Journal Of Clinical Practice,PubMed,,,
95,2006,"Golz, Avishay; Netzer, Aviram; Gordin, Arie; Westerman, S. Thomas; Joachims, Henry Z.",Safe Extraction Of An Impacted Open Safety Pin From The Esophagus: Report Of 9 Cases,American Journal Of Otolaryngology,PubMed,,,
96,2006,"Kamath, Panduranga; Bhojwani, Kiran M.; Prasannaraj, Thomas; Abhijith, K.",Foreign Bodies In The Aerodigestive Tract--A Clinical Study Of Cases In The Coastal Belt Of South India,American Journal Of Otolaryngology,PubMed,,,
97,2006,"Waltzman, Mark L.",Management Of Esophageal Coins,Current Opinion In Pediatrics,PubMed,,,
98,2006,"Wong, Kenneth K. Y.; Fang, Christian X.; Tam, Paul K. H.",Selective Upper Endoscopy For Foreign Body Ingestion In Children: An Evaluation Of Management Protocol After 282 Cases,Journal Of Pediatric Surgery,PubMed,,,
99,2007,"Hunt, Ian; Hartley, Sarah; Alwahab, Yasir; Birkill, Guy J.",Aortoesophageal Perforation Following Ingestion Of Razorblades With Massive Haemothorax,European Journal Of Cardio-Thoracic Surgery : Official Journal Of The European Association For Cardio-Thoracic Surgery,PubMed,,,
100,2007,"Kalayci, Ayhan; Tander, Burak; Kocak, Sule; Rizalar, Riza; Bernay, Ferit",Removal Of Open Safety Pins In Infants By Flexible Endoscopy Is Effective And Safe,Journal Of Laparoendoscopic & Advanced Surgical Techniques. Part A,PubMed,,,
101,2007,Gitlin D.F.; Caplan J.P.; Rogers M.P.; Avni-Barron O.; Braun I.; Barsky A.J.,Foreign-Body Ingestion In Patients With Personality Disorders,Psychosomatics,SCOPUS,,,
103,2007,"Rodríguez-Hermosa, J. I.; Codina-Cazador, A.; Ruiz, B.; Sirvent, J. M.; Roig, J.; Farrés, R.",Management Of Foreign Bodies In The Rectum,Colorectal Disease : The Official Journal Of The Association Of Coloproctology Of Great Britain And Ireland,PubMed,,,
108,2007,"Dahshan, Ahmed H.; Kevin Donovan, Gerard",Bougienage Versus Endoscopy For Esophageal Coin Removal In Children,Journal Of Clinical Gastroenterology,PubMed,,,
113,2008,"Sakellaridis, Timothy; Potaris, Konstantinos; Mallios, Dimitrios; Sepsas, Evangellos",An Unusual Case Of A Swallowed Thermometer Perforated In The Mediastinum,Annals Of Thoracic Surgery,PubMed,,,
114,2008,"Stenz, Volker; Thurnheer, Robert; Widmer, Fritz; Krause, Martin",Foreign Body Stories,Therapeutische Umschau. Revue Therapeutique,PubMed,,,
117,2008,"P Skok, A Ocepek, D Ćeranić",The Role Of Emergency Endoscopy In Upper Git Foreign Body Extraction,Acta Medico-Biotechnica,Google Scholar,,,
119,2008,"Pavlidis, Theodoros E.; Marakis, Georgios N.; Triantafyllou, Apostolos; Psarras, Kyriakos; Kontoulis, Theodoros M.; Sakantamis, Athanasios K.",Management Of Ingested Foreign Bodies. How Justifiable Is A Waiting Policy?,"Surgical Laparoscopy, Endoscopy & Percutaneous Techniques",PubMed,,,
122,2008,"J Hirschberg, T Szende, P Koltai, A Illenyi","Pediatric Airway: Cry, Stridor And Cough",,Google Scholar,,,
123,2008,Ss Pathare,B Foreign Body Ingestion,Pediatric Hospital Medicine: Textbook of Inpatient Management,Google Scholar,,,
124,2008,"Grisel, Jedidiah J.; Richter, Gresham T.; Casper, Keith A.; Thompson, Dana M.",Acquired Tracheoesophageal Fistula Following Disc-Battery Ingestion: Can We Watch And Wait?,International Journal Of Pediatric Otorhinolaryngology,PubMed,,,
130,2009,"Schrom, T.; Amm, S.",Unusual Case Of Oesophageal Foreign Body As Part Of A Self-Harm Syndrome,Laryngo- Rhino- Otologie,PubMed,,,
131,2009,"Palta, Renee; Sahota, Amandeep; Bemarki, Ali; Salama, Paul; Simpson, Nicole; Laine, Loren",Foreign-Body Ingestion: Characteristics And Outcomes In A Lower Socioeconomic Population With Predominantly Intentional Ingestion,Gastrointestinal Endoscopy,PubMed,,,
133,2009,"Luk, W.-H.; Fan, W. C.; Chan, R. Y. Y.; Chan, S. W. W.; Tse, K. H.; Chan, J. C. S.",Foreign Body Ingestion: Comparison Of Diagnostic Accuracy Of Computed Tomography Versus Endoscopy,Journal Of Laryngology And Otology,PubMed,,,
138,2010,"Islam, Sameer R.; Islam, Ebtesam A.; Hodges, David; Nugent, Kenneth; Parupudi, Sreeram",Endoscopic Removal Of Multiple Duodenum Foreign Bodies: An Unusual Occurrence,World Journal Of Gastrointestinal Endoscopy,PubMed,,,
139,2010,"Huang, Brian L.; Rich, Harlan G.; Simundson, Susan E.; Dhingana, Mukesh K.; Harrington, Colin; Moss, Steven F.",Intentional Swallowing Of Foreign Bodies Is A Recurrent And Costly Problem That Rarely Causes Endoscopy Complications,Clinical Gastroenterology And Hepatology : The Official Clinical Practice Journal Of The American Gastroenterological Association,PubMed,,,
141,2010,"Chan, Kim Weng",An Unusual Case Of Foreign Body In The Anterior Abdominal Wall,Journal Of Clinical Medicine Research,PubMed,,,
142,2010,"Biswas, D; Majumdar, S; Ray, J; Bull, P",Tracheoesophageal Fistula Secondary To Chemical Trauma: Is There A Place For Planned Conservative Management?,Journal Of Laryngology And Otology,Web of Science,,,
144,2011,"Lewis, Catherine; Hsu, Hwei-Kang; Hoover, Eddie",Aspiration Of Foreign Bodies In Adults With Personality Disorders: Impact On Diagnosis And Recurrence,Journal Of The National Medical Association,PubMed,,,
145,2011,"Tripathi, Tulika; Rai, Priyank; Singh, Harpreet",Foreign Body Ingestion Of Orthodontic Origin,"American Journal Of Orthodontics And Dentofacial Orthopedics : Official Publication Of The American Association Of Orthodontists, Its Constituent  Societies, And The American Board Of Orthodontics",PubMed,,,
146,2011,"Tihan, D; Trabulus, D; Altunkaya, A; Karaca, S; Cihan, A; Alis, H",Esophageal Perforation Due To Inadvertent Swallowing Of A Dental Prosthesis,Turkish Journal Of Gastroenterology,Web of Science,,,
147,2011,"Sunkaraneni, Vs; Jones, Sem",Topical Anaesthetic Or Vasoconstrictor Preparations For Flexible Fibre‐Optic Nasal Pharyngoscopy And Laryngoscopy,Cochrane Database Of Systematic Reviews,Cochrane,,,
148,2011,"Sobnach, Sanju; Castillo, Franco; Blanco Vinent, René; Kahn, Delawir; Bhyat, Ahmed",Penetrating Cardiac Injury Following Sewing Needle Ingestion,"Heart, Lung & Circulation",PubMed,,,
149,2011,"Poynter, Brittany A.; Hunter, Jon J.; Coverdale, John H.; Kempinsky, Cheryl A.",Hard To Swallow: A Systematic Review Of Deliberate Foreign Body Ingestion,General Hospital Psychiatry,PubMed,,,
151,2011,"Mirza, Bilal; Ijaz, Lubna; Sheikh, Afzal",Decorative Crystal Balls Causing Intestinal Perforation,Journal Of Indian Association Of Pediatric Surgeons,PubMed,,,
152,2011,"Lee, Ji Hyuk; Lee, Jong Seung; Kim, Mi Jin; Choe, Yon Ho",Initial Location Determines Spontaneous Passage Of Foreign Bodies From The Gastrointestinal Tract In Children,Pediatric Emergency Care,PubMed,,,
155,2011,"Md Catherine Lewis, Hk Hsu...",Aspiration Of Foreign Bodies In Adults With Personality Disorders: Impact On Diagnosis And Recurrence,Journal Of The National ...,Google Scholar,,,
157,2011,"Goins, Jeanne L.; Evans, Adele K.",Retrieval Of A Penny From The Pediatric Esophagus: A Cost Analysis,International Journal Of Pediatric Otorhinolaryngology,PubMed,,,
160,2011,M Cappello,"Swallow: Foreign Bodies, Their Ingestion, Inspiration, And The Curious Doctor Who Extracted Them",,Google Scholar,,,
161,2011,"Caliskan, Cemil; Makay, Ozer; Firat, Ozgur; Can Karaca, A.; Akgun, Erhan; Korkut, Mustafa A.",Foreign Bodies In The Rectum: An Analysis Of 30 Patients,Surgery Today,PubMed,,,
162,2011,"Kocierz, L.; Leung, E.; Thumbe, V.",An Unusual Cause Of Perianal Fistula,Journal Of Surgical Case Reports,PubMed,,,
164,2012,"Park, Sin Youl; Woo, Jungmin; Park, Jeong Bae; Rim, Hyo-Deog",Intentional Ingestion Of Cyanoacrylate,"Clinical Toxicology (Philadelphia, Pa.)",PubMed,,,
166,2012,"Saito, Jacqueline M.",Beyond Appendicitis: Evaluation And Surgical Treatment Of Pediatric Acute Abdominal Pain,Current Opinion In Pediatrics,PubMed,,,
168,2012,"Trgo, Gorana; Tonkic, Ante; Simunic, Miroslav; Puljiz, Zeljko",Successful Endoscopic Removal Of A Lighter Swallowed 17 Months Before,Case Reports In Gastroenterology,PubMed,,,
169,2012,Unruh B.T.; Nejad S.H.; Stern T.W.; Stern T.A.,Insertion Of Foreign Bodies Polyembolokoilamania: Underpinnings And Management Strategies,Primary Care Companion To The Journal Of Clinical Psychiatry,SCOPUS,,,
171,2012,"Tammana, V. S.; Valluru, N.; Sanderson, A.",All The Wrong Places: An Unusual Case Of Foreign Body Ingestion And Inhalation,Case Reports In Gastroenterology,PubMed,,,
172,2012,"Naji, Hussein; Isacson, Daniel; Svensson, Jan F.; Wester, Tomas",Bowel Injuries Caused By Ingestion Of Multiple Magnets In Children: A Growing Hazard,Pediatric Surgery International,PubMed,,,
175,2012,"Lee, Jun Hyung; Kim, Hyun Cheol; Yang, Dal Mo; Kim, Sang Won; Jin, Wook; Park, Seong Jin; Kim, Hyoung Jung",What Is The Role Of Plain Radiography In Patients With Foreign Bodies In The Gastrointestinal Tract?,Clinical Imaging,PubMed,,,
176,2012,"Lazaâr, N; Khalil, N; El Yousfi, M; Aqodad, N; Benajeh, Da; El Abkari, M; Ibrahimi, A; Mellouki, I; Naima, A; El Fakir, S; Nejjari, C",The Management Of Ingested Foreign Bodies: Report Of 82 Cases And Review Of The Literature,Acta Endoscopica,Web of Science,,,
179,2012,"Kiser, Michelle M.; Samuel, Jonathan C.; Mclean, Sean E.; Muyco, Arturo P.; Cairns, Bruce A.; Charles, Anthony G.",Epidemiology Of Pediatric Injury In Malawi: Burden Of Disease And Implications For Prevention,"International Journal Of Surgery (London, England)",PubMed,,,
181,2012,"Frei-Lanter, Cornelia M.; Vavricka, Stephan R.; Kruger, Tillmann H. C.; Tutuian, Radu; Geier, Andreas; Bauerfeind, Peter; Krones, Tanja; Fried, Michael; Frei, Pascal",Endoscopy For Repeatedly Ingested Sharp Foreign Bodies In Patients With Borderline Personality Disorder: An International Survey,European Journal Of Gastroenterology & Hepatology,PubMed,,,
182,2012,"Dipoce, J; Guelfguat, M; Dipoce, J",Radiologic Findings In Cases Of Attempted Suicide And Other Self-Injurious Behavior,Radiographics,Web of Science,,,
183,2012,"Cascini, F; Longo, F; Polacco, M; Scafetta, I",Foreign Object Ingestion In Complex Suicide: A Case Report And Review Of The Literature,Forensic Science International,Web of Science,,,
184,2012,"K Iqbal, Mi Khan, M Marwat",Esophageal Foreign Bodies: Experience With Rigid Esophagoscopy At Dera Ismail Khan,Gomal Journal Of Medical Sciences,Google Scholar,,,
185,2013,"Thabet, Mohammed Hossam; Basha, Waleed Mohamed; Askar, Sherif","Button Battery Foreign Bodies In Children: Hazards, Management, And Recommendations",Biomed Research International,PubMed,,,
187,2013,Reisner A.D.; Bornovalova M.A.; Gordish L.; Baker R.N.; Smith K.J.; Sexton R.E.,Ingestion Of Foreign Objects As A Means Of Nonlethal Self-Injury,"Personality Disorders: Theory, Research, And Treatment",SCOPUS,,,
188,2013,"Navinés, Ricard; Gutierrez, Fernando; Arranz, Belen; Moreno-España, Jose; Luisa Ímaz, María; Soler, Victoria; Vázquez, Mireia; Carlos Pascual, Juan; Martín-Santos, Rocío; Kahn, David A.",Long-Term And Bizarre Self-Injurious Behavior: An Approach To Underlying Psychological Mechanisms And Management,Journal Of Psychiatric Practice,PubMed,,,
189,2013,"Ma, Jeehyun; Kang, Doo Kyoung; Bae, Jae-Ik; Park, Kyung Joo; Sun, Joo Sung",Value Of Mdct In Diagnosis And Management Of Esophageal Sharp Or Pointed Foreign Bodies According To Level Of Esophagus,Ajr. American Journal Of Roentgenology,PubMed,,,
190,2013,"Mairose, Ulrich",Intentional Ingestion,Deutsches Arzteblatt International,PubMed,,,
192,2013,"Dalal, Poorvi P.; Otey, Andrew J.; Mcgonagle, Emily A.; Whitmill, Melissa L.; Levine, Edward J.; Mckimmie, Ryan L.; Thomas, Alicia C.; Cook, Charles H.; Papadimos, Thomas J.; Reilley, Thomas E.; Bergese, Sergio D.; Steinberg, Steven M.; Stawicki, Stanislaw P. A.; Evans, David C.",Intentional Foreign Object Ingestions: Need For Endoscopy And Surgery,Journal Of Surgical Research,PubMed,,,
194,2014,"Russell, Robert T.; Griffin, Russell L.; Weinstein, Elizabeth; Billmire, Deborah F.",Esophageal Button Battery Ingestions: Decreasing Time To Operative Intervention By Level I Trauma Activation,Journal Of Pediatric Surgery,PubMed,,,
195,2014,"Yu, Hong; Wu, Shuodong; Yu, Xiaopeng; Zhang, Quan",Single-Incision Laparoscopic Surgery For Ingested Foreign Body Removal,American Journal Of Emergency Medicine,PubMed,,,
197,2014,"Yamano, Y; Uzawa, K; Ito, H; Tanzawa, H",Endoscopically Assisted Removal Of A Fish Bone Penetrating The Parotid Duct: An Unusual Case,Journal Of Oral And Maxillofacial Surgery,Web of Science,,,
199,2014,"Sahn, Benjamin; Mamula, Petar; Ford, Carol A.",Review Of Foreign Body Ingestion And Esophageal Food Impaction Management In Adolescents,Journal Of Adolescent Health : Official Publication Of The Society For Adolescent Medicine,PubMed,,,
200,2014,"Russell, Robert; Lucas, Alan; Johnson, Joffre; Yannam, Govarhana; Griffin, Russell; Beierle, Elizabeth; Anderson, Scott; Chen, Mike; Harmon, Carroll",Extraction Of Esophageal Foreign Bodies In Children: Rigid Versus Flexible Endoscopy,Pediatric Surgery International,PubMed,,,
201,2014,"Provenzano, Matthew J.; Rutter, Michael J.; Von Allmen, Daniel; Manning, Peter B.; Paul Boesch, R.; Putnam, Philip E.; Black, Angela P.; De Alarcon, Alessandro",Slide Tracheoplasty For The Treatment Of Tracheoesophogeal Fistulas,Journal Of Pediatric Surgery,PubMed,,,
202,2014,"S Park, Ds Choi, Hs Shin, Jm Cho, Kn Jeon...",Fish Bone Foreign Bodies In The Pharynx And Upper Esophagus: Evaluation With 64-Slice Mdct,Acta ...,Google Scholar,,,
203,2014,"Park, Soyeon; Choi, Dae Seob; Shin, Hwa Seon; Cho, Jae Min; Jeon, Kyung Nyeo; Bae, Kyung-Soo; Koh, Eun Ha; Park, Jung Je",Fish Bone Foreign Bodies In The Pharynx And Upper Esophagus: Evaluation With 64-Slice Mdct,"Acta Radiologica (Stockholm, Sweden : 1987)",PubMed,,,
205,2014,"Guelfguat, Mark; Kaplinskiy, Vladimir; Reddy, Srinivas H.; Dipoce, Jason",Clinical Guidelines For Imaging And Reporting Ingested Foreign Bodies,Ajr. American Journal Of Roentgenology,PubMed,,,
210,2015,"Olivares Ripoll, Vicente; López López, Víctor; Amate Tortosa, Eloisa; Gil Gómez, Elena",Removal Of An Ingested Knife Impacted In The Esophagus Using Flexible Endoscopy,Cirugia Espanola,PubMed,,,
211,2015,"Rey, J. W.; Gosepath, J.; Hoffman, A.; Kiesslich, R.; Manner, H.",Catch Me If You Can: Endoscopic Remove Of A Needle From The Jejunum,Zeitschrift Fur Gastroenterologie,PubMed,,,
212,2015,Saukko P.; Knight B.,Knight’S: Forensic Pathology: Fourth Edition,Knight’S: Forensic Pathology: Fourth Edition,SCOPUS,,,
213,2015,"Shew, Matthew; Jiang, Zi; Bruegger, Daniel; Arganbright, Jill",Migrated Esophageal Foreign Body Presents As Acute Onset Dysphagia Years Later: A Case Report,International Journal Of Pediatric Otorhinolaryngology,PubMed,,,
214,2015,"Tanrikulu, Y; Sen Tanrikulu, C; Karannan, S; Sahin, H",Ingestion Of Multiple Magnets For Suicide,Hong Kong Journal Of Emergency Medicine,Web of Science,,,
216,2015,"Tseng, Hsiang-Jer; Hanna, Tarek N.; Shuaib, Waqas; Aized, Majid; Khosa, Faisal; Linnau, Ken F.","Imaging Foreign Bodies: Ingested, Aspirated, And Inserted",Annals Of Emergency Medicine,PubMed,,,
217,2015,"Wadhwa, C; Madhavan, S; Augustine, Aj; Shenoy, S; Mirza, A",The Mule With Golden Eggs: Retrieval Of Unusual Foreign Body,Journal Of Digestive Endoscopy,Web of Science,,,
219,2015,"Wnęk, Bartosz; Łożyńska-Nelke, Aleksandra; Karoń, Jacek",Foreign Body In The Gastrointestinal Tract Leading To Small Bowel Obstruction--Case Report And Literature Review,Polski Przeglad Chirurgiczny,PubMed,,,
220,2015,"Mukherjee, S; Hoque, A; Chakraborty, S",Incidence Of Foreign Body In The Upper Digestive Tract: A Retrospective Study,Journal Of Evolution Of Medical And Dental Sciences-Jemds,Web of Science,,,
221,2015,"Tarrats, Luis A.; Rivera-Rodríguez, Marinell; González, Lorena; Vargas-Pinto, Susana; Garratón, Miguel; Quintero, Elisa; Riera-March, Antonio",Anterior-Commissure Laryngoscope Extraction Of Esophageal Coins In Children Using An Apnea Technique,Otolaryngology--Head And Neck Surgery : Official Journal Of American Academy Of Otolaryngology-Head And Neck Surgery,PubMed,,,
223,2015,"Aalouane, R.; Lahlou, F.; Aarab, C.; Barrimi, M.; Zaidi, K.; Khelafa, S.; Rammouz, I.",Recurrent Voluntary Ingestion Of Metallic Objects In Prison By A Female Patient,L'Encephale,PubMed,,,
224,2015,"Hong, Kyong Hee; Kim, Yoon Jae; Kim, Jae Hak; Chun, Song Wook; Kim, Hee Man; Cho, Jae Hee",Risk Factors For Complications Associated With Upper Gastrointestinal Foreign Bodies,World Journal Of Gastroenterology,PubMed,,,
225,2015,"Kim, Ey; Min, Yg; Bista, Ab; Park, Kj; Kang, Dk; Sun, Js",Usefulness Of Ultralow-Dose Submillisievert Chest Ct Using Iterative Reconstruction For Initial Evaluation Of Sharp Fish Bone Esophageal Foreign Body,American Journal Of Roentgenology,Web of Science,,,
226,2015,"Akay, Seval; Günay, Süleyman; Binicier, Ömer Burçak; Paköz, Zehra Betül; Akar, Harun",A Deliberately Swallowed Foreign Body: Money Package,Endoscopy,PubMed,,,
227,2015,Brunner J.; Russel M.; Herr K.; Benjamin E.; Myers L.; Boyko O.; Jaffray P.; Reddy S.,Nonsuicidal Self-Injury-Related Foreign Bodies In The Emergency Department,"Seminars In Ultrasound, Ct And Mri",SCOPUS,,,
228,2015,"Diamond, Sarah J.; Sonnenberg, Amnon",A Game Theoretic Approach To Repeated Foreign Body Ingestion,Endoscopy,PubMed,,,
230,2015,"Oo Lucky, Eo Adaobi",Disk Batteries In The Esophagus Of Nigerian Children: Case Series,Online Journal Of Otolaryngology,Google Scholar,,,
231,2015,"Dunphy, Louise; Maatouk, Mohamed; Raja, Mazhar; O'Hara, Richard",Ingested Cylindrical Batteries In An Incarcerated Male: A Caustic Tale!,Bmj Case Reports,PubMed,,,
232,2015,"Díaz-Alejo, C.; Rodríguez-Navarro, M. Á; Rastrollo Peña, D.; García Fernández, R.",Attempted Suicide By Recurrent Intentionally Foreign Object Ingest: A Challenge For The Anesthesiologist,Revista Espanola De Anestesiologia Y Reanimacion,PubMed,,,
233,2015,"Evans, David C.; Wojda, Thomas R.; Jones, Christian D.; Otey, Andrew J.; Stawicki, Stanislaw P.",Intentional Ingestions Of Foreign Objects Among Prisoners: A Review,World Journal Of Gastrointestinal Endoscopy,PubMed,,,
235,2015,Md Mekonnen Hagos,"Foreign Bodies In The Ear, Nose And Esophogus In Pediatric Age Group, At Mekelle Hospital Ethiopia.",,Google Scholar,,,
236,2015,Dunphy L.; Syed F.; Raja M.,Foreign Bodies In The Abdomen: Self-Harm And Personality Disorders,Bmj Case Reports,SCOPUS,,,
237,2016,"Magalhães-Costa, Pedro; Carvalho, Liliana; Rodrigues, José Pedro; Túlio, Maria Ana; Marques, Susana; Carmo, Joana; Bispo, Miguel; Chagas, Cristina",Endoscopic Management Of Foreign Bodies In The Upper Gastrointestinal Tract: An Evidence-Based Review Article,Ge Portuguese Journal Of Gastroenterology,PubMed,,,
238,2016,"Yildiz, I; Koca, Ys; Avsar, G; Barut, I",Tendency To Ingest Foreign Bodies In Mentally Retarded Patients: A Case With Ileal Perforation Caused By The Ingestion Of A Teaspoon,Case Reports In Surgery,Web of Science,,,
239,2016,"Cw Lim, Mh Park, Hj Do, Js Yeom...","Factors Associated With Removal Of Impactted Fishbone In Children, Suspected Ingestion",Pediatric ...,Google Scholar,,,
240,2016,"Yang, Guang; Li, Wei-Miao; Zhao, Jin-Bo; Wang, Jian; Ni, Yun-Feng; Zhou, Yong-An; Han, Yong; Li, Xiao-Fei; Yan, Xiao-Long","A Novel Surgical Method For Acquired Non-Malignant Complicated Tracheoesophageal And Bronchial-Gastric Stump Fistula: The ""Double Patch"" Technique",Journal Of Thoracic Disease,PubMed,,,
241,2016,"Tseng, Chia-Chen; Hsiao, Tzu-Yu; Hsu, Wei-Chung",Comparison Of Rigid And Flexible Endoscopy For Removing Esophageal Foreign Bodies In An Emergency,Journal Of The Formosan Medical Association = Taiwan Yi Zhi,PubMed,,,
244,2016,"Otey, A; Houser, Js; Jones, C; Evans, Dc; Dalal, Pp; Whitmill, Ma; Levine, Ej; Mckimmie, Rl; Papadimos, Tj; Steinberg, Sm; Bergese, Sd; Stawicki, Sp",Republication: Examination Of Financial Charges Associated With Intentional Foreign Body Ingestions By Prisoners: A Pattern Of Escalation,International Journal Of Academic Medicine,Web of Science,,,
246,2016,"Pedro Magalhes-Costa, Liliana Carvalho, Jos Pedro Rodrigues, Maria Ana Tlio, Susana Marques, Joana Carmo, Miguel Bispo, Cristina Chagas",Endoscopic Management Of Foreign Bodies In The Upper Gastrointestinal Tract: An Evidence-Based Review Article,,Google Scholar,,,
247,2016,"Lee, Jun Hee; Lee, Jee Hoo; Shim, Jung Ok; Lee, Jung Hwa; Eun, Baik-Lin; Yoo, Kee Hwan",Foreign Body Ingestion In Children: Should Button Batteries In The Stomach Be Urgently Removed?,"Pediatric Gastroenterology, Hepatology & Nutrition",PubMed,,,
248,2016,"Lim, Chun Woo; Park, Min Hwan; Do, Hyun Jeong; Yeom, Jung-Sook; Park, Ji Sook; Park, Eun Sil; Seo, Ji Hyun; Park, Jung Je; Lim, Jae Young; Park, Chan Hoo; Woo, Hyang-Ok; Youn, Hee-Shang","Factors Associated With Removal Of Impactted Fishbone In Children, Suspected Ingestion","Pediatric Gastroenterology, Hepatology & Nutrition",PubMed,,,
251,2016,"Hahnemann, M. L.; Wittschieber, D.; Becker, P.","""Needles And Pins"". Self Injury Behavior By Ingestion Of Numerous Unusual Sharp Foreign Bodies",Rofo : Fortschritte Auf Dem Gebiete Der Rontgenstrahlen Und Der Nuklearmedizin,PubMed,,,
252,2016,"Gałczyński, Adam; Cieplińska, Ewelina; Konturek, Aleksander",Habitual Intentional Foreign Body Ingestion - A Literature Review,Polski Przeglad Chirurgiczny,PubMed,,,
253,2016,"Dedania, Bhavtosh; Khanapara, Dipen; Panwala, Amruta; Dharan, Murali",A Case Of Mysterious Impacted Duodenal Foreign Body Presenting With Halitosis,Case Reports In Gastroenterology,PubMed,,,
254,2016,"Crowley, Ae; Grivell, Rm; Dodd, Jm",Sealing Procedures For Preterm Prelabour Rupture Of Membranes,Cochrane Database Of Systematic Reviews,Cochrane,,,
255,2016,"Jh Lin, J Fang, D Wang, Hz Chen...","Chinese Expert Consensus On The Endoscopic Management Of Foreign Bodies In The Upper Gastrointestinal Tract (2015, Shanghai, China).",Journal Of Digestive ...,Google Scholar,,,
256,2016,"Brezean, I; Moldovan, H; Ferechide, D; Vîlcu, M; Petrea, S",Self-Harm In The Prison System,Romanian Journal Of Legal Medicine,Web of Science,,,
257,2016,"Baugh, Tiffany P.; Hadley, Jamie B.; Chang, C. W. David","Epidemiology Of Wire-Bristle Grill Brush Injury In The United States, 2002-2014",Otolaryngology--Head And Neck Surgery : Official Journal Of American Academy Of Otolaryngology-Head And Neck Surgery,PubMed,,,
258,2017,"Kurowski, Jacob A.; Kay, Marsha",Caustic Ingestions And Foreign Bodies Ingestions In Pediatric Patients,Pediatric Clinics Of North America,PubMed,,,
260,2017,"Peixoto, A.; Pereira, P.; Macedo, G.",Gastrointestinal: Voluntary Padlock Ingestion,Journal Of Gastroenterology And Hepatology,PubMed,,,
261,2017,"Nh Senussi, N Saleem",Ingestion Of Computer Circuit Boards Causing Esophageal Impaction And Small Bowel Obstruction,Baylor University Medical Center ...,Google Scholar,,,
262,2017,"Sencan, A; Genisol, I; Hosgör, M",Esophageal Button Battery Ingestion In Children,Ulusal Travma Ve Acil Cerrahi Dergisi-Turkish Journal Of Trauma & Emergency Surgery,Web of Science,,,
263,2017,"Yayama, So; Tanimoto, Chie; Suto, Shunji; Matoba, Kei; Kajiwara, Tomomi; Inoue, Masue; Endo, Yoshimi; Yamakawa, Miyae; Makimoto, Kiyoko",Analysis Of Inedible Substance Ingestion At A Japanese Psychiatric Hospital,Psychogeriatrics,PsycINFO,,,
264,2017,"Vats, Manu; Ramasamy, Sadhasivam; Neogi, Sushanto; Tudu, Sanjeev Kumar",Ingestion Of Nine Metallic Nails With Corrosive: What Happened Next?,Bmj Case Reports,PubMed,,,
266,2017,"Volpi, A.; Laforgia, R.; Lozito, C.; Panebianco, A.; Punzo, C.; Ialongo, P.; Carbotta, G.; Sederino, M. G.; Minafra, M.; Paterno, A.; Palasciano, N.",Ingestion Of Foreign Bodies Among Prisoners: A Ten Years Retrospective Study At University Hospital Of Southern Italy,Il Giornale Di Chirurgia,PubMed,,,
268,2017,"Takahashi, Jin; Shiga, Takashi; Funakoshi, Hiraku",Oesophageal Coins Invisible On Chest Radiography: A Case Report,International Journal Of Emergency Medicine,PubMed,,,
269,2017,"Kennedy, Rachel S.; Starker, Rebecca A.; Feldman, Kelly A.; Tashiro, Jun; Perez, Eduardo A.; Mendoza, Fernando G.; Sola, Juan E.",Cost Varies With Procedure Type In Pediatric Gi Foreign Bodies,Journal Of Pediatric Surgery,PubMed,,,
270,2017,"Zhong, Q; Jiang, Rw; Zheng, X; Xu, Gf; Fan, Xq; Xu, Yy; Liu, F; Peng, Cy; Ren, W; Wang, L",Esophageal Foreign Body Ingestion In Adults On Weekdays And Holidays: A Retrospective Study Of 1058 Patients,Medicine,Web of Science,,,
273,2017,"Chahine, Elias; El Khoury, Lionel; Baghdady, Ramez; Chouillard, Elie",Recurrent Gastric Metal Bezoar: A Rare Cause Of Gastric Outlet Obstruction,Bmj Case Reports,PubMed,,,
274,2017,"Chang, Wen-Jung; Chiu, Wen-Yi",Gastric Foreign Body: A Comb,Clinical Case Reports,PubMed,,,
275,2017,"Eliason, Michael J.; Ricca, Robert L.; Gallagher, Thomas Q.",Button Battery Ingestion In Children,Current Opinion In Otolaryngology & Head And Neck Surgery,PubMed,,,
276,2017,"Follent, Anna M.; Rumbach, Anna F.; Ward, Elizabeth C.; Marshall, Jeanne; Dodrill, Pamela; Lewindon, Peter",Dysphagia And Feeding Difficulties Post-Pediatric Ingestion Injury: Perspectives Of The Primary Caregiver,International Journal Of Pediatric Otorhinolaryngology,PubMed,,,
277,2017,"Jones, C; Otey, Aj; Papadmos, Tj; Cook, Ch; Stawicki, Sp; Evans, Dc",Association Between Intentional Ingestion Of Foreign Objects And Psychiatric Disease Among Prisoners: A Retrospective Study,International Journal Of Academic Medicine,Web of Science,,,
278,2017,"Gardner, Andrew W.; Radwan, Rami W.; Allison, Miles C.; Codd, Rhodri J.",Double Duodenal Perforation Following Foreign Body Ingestion,Bmj Case Reports,PubMed,,,
279,2017,"Vs Mannarino, Dcs Pereira, Ws Gurgel...",Self‐Embedding Behavior In Adults: A Report Of Two Cases And A Systematic Review,Journal Of Forensic ...,Google Scholar,,,
280,2017,"Hu, Jinlong; Sun, Siyu",Endoscopic Ultrasound-Guided Retrieval Of A Toothpick Embedded In The Stomach Wall,Journal Of Clinical Ultrasound : Jcu,PubMed,,,
283,2018,"Occhionorelli, S; Zese, M; Cappellari, L; Stano, R; Tartarini, D; Vasquez, G",Fish Bone Ingestion: Complications And Legal Implications,Chirurgia-Italy,Web of Science,,,
284,2018,"Zhang, Sw; Wen, Jx; Du, Mm; Liu, Yx; Zhang, Lb; Chu, Xy; Xue, Zq",Diabetes Is An Independent Risk Factor For Delayed Perforation After Foreign Bodies Impacted In Esophagus In Adults,United European Gastroenterology Journal,Web of Science,,,
287,2018,"Hacer Ya_Ar Teke1, Muhammet Can2, Tlay Renklida_3, Nevriye Temel3, Asude Gkmen3",Baby Death Due To Esophagotracheal Fistula Created By An Alkaline Battery: A,,Google Scholar,,,
288,2018,Tanimoto C.; Yayama S.; Suto S.; Matoba K.; Kajiwara T.; Inoue M.; Endo Y.; Yamakawa M.; Makimoto K.,Self-Harm And Suicide Attempts In A Japanese Psychiatric Hospital,East Asian Archives Of Psychiatry,SCOPUS,,,
289,2018,"Sola, Richard Jr; Rosenfeld, Eric H.; Yu, Yangyang R.; St Peter, Shawn D.; Shah, Sohail R.",Magnet Foreign Body Ingestion: Rare Occurrence But Big Consequences,Journal Of Pediatric Surgery,PubMed,,,
290,2018,"Sasso, Roula; Bachir, Rana; El Sayed, Mazen",Suffocation Injuries In The United States: Patient Characteristics And Factors Associated With Mortality,Western Journal Of Emergency Medicine,PubMed,,,
291,2018,"Rosenfeld, Eric H.; Sola, Richard Jr; Yu, Yangyang; St Peter, Shawn D.; Shah, Sohail R.",Battery Ingestions In Children: Variations In Care And Development Of A Clinical Algorithm,Journal Of Pediatric Surgery,PubMed,,,
292,2018,"Riva, Carlo Galdino; Toti, Francesco Angelo Taddàus; Siboni, Stefano; Bonavina, Luigi",Unusual Foreign Body Impacted In The Upper Oesophagus: Original Technique For Transoral Extraction,Bmj Case Reports,PubMed,,,
293,2018,Zhong B.-L.; Xu Y.-M.; Xie W.-X.; Chen W.-C.; Lu J.,Prevalence Of Deliberate Self-Harm Among Chinese Patients With Heroin Dependence: A Meta-Analysis,Frontiers In Psychiatry,SCOPUS,,,
295,2018,"Ing, Richard J.; Hoagland, Monica; Mayes, Lena; Twite, Mark",The Anesthetic Management Of Button Battery Ingestion In Children,Canadian Journal Of Anaesthesia = Journal Canadien D'Anesthesie,PubMed,,,
296,2018,Hom M.A.; Rogers M.L.; Schneider M.E.; Chiurliza B.; Doerfler L.A.; Walsh B.W.; Joiner T.E.,Atypical And Severe Nonsuicidal Self-Injury As An Indicator Of Severe Psychopathology: Findings From A Sample Of High-Risk Community Mental Health Clients,Journal Of Nervous And Mental Disease,SCOPUS,,,
297,2018,"Gurevich, Yoseph; Sahn, Benjamin; Weinstein, Toba",Foreign Body Ingestion In Pediatric Patients,Current Opinion In Pediatrics,PubMed,,,
299,2018,"Elsherbeny, Ms; Allam, Am; El-Asmar, Km",Foreign Body Ingestion In Children: Unusual Presentations And Timely Intervention,Annals Of Pediatric Surgery,Web of Science,,,
300,2018,"Cui, Jason; Cross, Trent; Lockwood, David",Ingested Razor Blades Within The Appendix: A Rare Case Report,International Journal Of Surgery Case Reports,PubMed,,,
303,2018,"Bolton, Scott M.; Saker, Martha; Bass, Lee M.",Button Battery And Magnet Ingestions In The Pediatric Patient,Current Opinion In Pediatrics,PubMed,,,
304,2018,"Jarmon, E; Vieux, U",Deliberate Foreign Body Ingestion,Psychiatric Annals,Web of Science,,,
307,2019,"Robertson, Alexander R.",Self-Harm By Sharp Foreign Body Ingestion,Suicide & Life-Threatening Behavior,PubMed,,,
308,2019,"Eb Chevretton, I Pai, S Haikel, A Sandison...","Proceedings Of The 153Rd Semon Club, 13 November 2017, Ent Department, Guy'S And St Thomas' Nhs Foundation Trust, London, Uk",The Journal Of ...,Google Scholar,,,
310,2019,"Zykute, D; Zykus, R",A Chestnut-A Difficult Challenge For An Endoscopist,Journal Of Digestive Endoscopy,Web of Science,,,
311,2019,"Thapa, Niresh; Basnyat, Subi; Maharjan, Muna","Ingestion Of Bell Clappers By A Shaman In Jumla, Nepal: A Case Report",Jnma; Journal Of The Nepal Medical Association,PubMed,,,
313,2019,"User, Idil Rana; Ozokutan, Bulent Hayri",Common Pediatric Surgical Diseases Of Refugee Children: Health Around Warzone,Pediatric Surgery International,PubMed,,,
314,2019,"Kumar, Ranesh; Soni, Nikhil; Bhardwaj, Suraj; Bhoil, Rohit; Gupta, Suresh C.",Intentional Foreign Body Ingestion,Internal And Emergency Medicine,PubMed,,,
315,2019,"Shafiee-Kandjani, Ar; Emamizad, S; Faryareshi, M",A Man With Nails And Needles Inside: A Case Report Of Factitious Disorder,Iranian Journal Of Psychiatry And Behavioral Sciences,Web of Science,,,
316,2019,"S Sarı, H Bektaş, K Ulusan, B Koçak...",A 4-Year Single-Center Experience In The Management Of Esophageal Perforation.,Turkish Journal Of ...,Google Scholar,,,
317,2019,"Demiroren, Kaan",A Case Series Of Ingested Open Safety Pin Removal Using A Proposed Endoscopic Removal Technique Algorithm,"Pediatric Gastroenterology, Hepatology & Nutrition",PubMed,,,
319,2019,"Jehangir, Maham; Mallory, Christopher; Medverd, Jonathan R.",Digital Tomosynthesis For Detection Of Ingested Foreign Objects In The Emergency Department: A Case Of Razor Blade Ingestion,Emergency Radiology,PubMed,,,
321,2019,"Ashman, A.; Bola, S.; Topiwala, A.",Managing Repeated Deliberate Foreign Body Ingestion,"British Journal Of Hospital Medicine (London, England : 2005)",PubMed,,,
322,2019,"Benoist, Lbl; Van Der Hoven, B; De Vries, Ac; Pullens, B; Kompanje, Ejo; Moeliker, Cw",A Jackass And A Fish: A Case Of Life-Threatening Intentional Ingestion Of A Live Pet Catfish Corydoras Aeneus,Acta Oto-Laryngologica Case Reports,Web of Science,,,
323,2019,"Choe, Jae Young; Choe, Byung-Ho",Foreign Body Removal In Children Using Foley Catheter Or Magnet Tube From Gastrointestinal Tract,"Pediatric Gastroenterology, Hepatology & Nutrition",PubMed,,,
324,2019,"Chen, Qingguo; Chu, Hanqi; Tong, Ting; Tao, Yanling; Zhou, Liangqiang; Chen, Jin; Liu, Yun; Peng, Liyan",Predictive Factors For Complications Associated With Penetrated Fish Bones Outside The Upper Gastrointestinal Tract,European Archives Of Oto-Rhino-Laryngology : Official Journal Of The European Federation Of Oto-Rhino-Laryngological Societies (Eufos) : Affiliated With The  German Society For Oto-Rhino-Laryngology - Head And Neck Surgery,PubMed,,,
327,2019,"Gollol-Raju, Narasimha Swamy; Jampala, Nannaya; Khalid, Hamza; Mudireddy, Prashant",Nonsurgical Management Of An Embedded Metal Clip In Sigmoid Colon Causing Perforation And Abscess,Acg Case Reports Journal,PubMed,,,
328,2019,"Guinan, D.; Drvar, T.; Brubaker, D.; Ang-Rabanes, M.; Kupec, J.; Marshalek, P.",Intentional Foreign Body Ingestion: A Complex Case Of Pica,Case Reports In Gastrointestinal Medicine,PubMed,,,
330,2020,"Liu, Ying-Hua; Lv, Zhi-Bao; Liu, Jiang-Bin; Sheng, Qing-Feng",Perianorectal Abscesses And Fistula Due To Ingested Jujube Pit In Infant: Two Case Reports,World Journal Of Clinical Cases,PubMed,,,
331,2020,"Ãqy Liu, R Gugig, Dm Troendle, S Bitton, N Patel...",Society Paper,,Google Scholar,,,
334,2020,"Nasir, Msnm; Draman, Wnaw; Mohamad, S; Ab Hamid, Ss; Mohamad, I",Never Fish Your Brother: A Case Of Plastic Fish Hook In The Oesophagus,Pediatria I Medycyna Rodzinna-Paediatrics And Family Medicine,Web of Science,,,
335,2020,"Peters, S. M.; Davies, M.-A.; Van As, A. B.",Repeat Injuries In Childhood,South African Medical Journal = Suid-Afrikaanse Tydskrif Vir Geneeskunde,PubMed,,,
336,2020,"Wang, Kai; Zhang, Dan; Li, Xianling; Wang, Zengmeng; Hou, Guangjun; Jia, Xinjian; Niu, Huizhong; Qi, Shiqin; Deng, Qingqiang; Jiang, Bin; Bian, Hongqiang; Yang, Heying; Chen, Yajun",Multicenter Investigation Of Pediatric Gastrointestinal Tract Magnets Ingestion In China,Bmc Pediatrics,PubMed,,,
337,2020,"Riedesel, Erica L.; Richer, Edward J.; Sinclair, Elizabeth M.; Sauer, Cary G.; Santore, Matthew T.; Simoneaux, Stephen F.; Alazraki, Adina L.",Serial Mri Findings After Endoscopic Removal Of Button Battery From The Esophagus,Ajr. American Journal Of Roentgenology,PubMed,,,
339,2020,"Valiyeva, Sayali; Romano, Lucia; Maffione, Francesco; Leopardi, Marco; Giordano, Aldo Victor; Lombardi, Loreto; Schietroma, Mario; Carlei, Francesco; Giuliani, Antonio",Gastrointestinal Bleeding As A Result Of Entero-Iliac Fistula Due To Intestinal Foreign Body,Annals Of Medicine And Surgery (2012),PubMed,,,
340,2020,"Varik, Roma; Shubha, Attibele Mahadevaiah; Das, Kanishka",Multiple Atypical Esophageal Foreign Bodies In An Infant,Journal Of Indian Association Of Pediatric Surgeons,PubMed,,,
341,2020,"Zeng, Liping; Shu, Wenbo; Ma, Honghai; Hu, Jian",Aortic Injury Caused By Esophageal Foreign Body-Case Reports Of 3 Patients And Literature Review,Medicine,PubMed,,,
342,2020,"Zong, Ye; Zhao, Haiying; Sun, Can; Ji, Ming; Wu, Yongdong; Zhang, Shutian; Wang, Yongjun",Differences Between Intentional And Accidental Ingestion Of Foreign Body In China,Bmc Gastroenterology,PubMed,,,
343,2020,"Povolotskiy, Roman; Abraham, Mickey E.; Leverant, Adam B.; Bresler, Amishav; Paskhover, Boris",Complications Of Palatal Pillar Implants: An Analysis Of The Maude Database And Literature Review,American Journal Of Otolaryngology,PubMed,,,
344,2020,"Kapalu, Cl; Lantos, J; Booser, A; Thomson, M; Attard, T",Preventing Self-Harm From Repeat Foreign-Body Ingestion,Pediatrics,Web of Science,,,
345,2020,"Kapalu, Cml; Ibrahimi, N; Mentrikoski, Jm; Attard, T",Pediatric Recurrent Intentional Foreign Body Ingestion: Case Series And Review Of The Literature,Journal Of Pediatric Gastroenterology And Nutrition,Web of Science,,,
346,2020,"Hsieh, A; Hsiehchen, D; Layne, S; Ginsberg, Gg; Keo, T","Trends And Clinical Features Of Intentional And Accidental Adult Foreign Body Ingestions In The United States, 2000 To 2017",Gastrointestinal Endoscopy,Web of Science,,,
348,2020,"Al-Faham, Firas Shaker Mahmoud; Al-Hakkak, Samer Makki Mohamed",The Largest Esophageal Foreign Body In Adults: A Case Report,Annals Of Medicine And Surgery (2012),PubMed,,,
349,2020,"Ali, Alaa; Alhindi, Saeed",A Child With A Gastrocolic Fistula After Ingesting Magnets: An Unusual Complication,Cureus,PubMed,,,
351,2020,"Casoni Pattacini, Gianmaria; Pecchini, Francesca; Mullineris, Barbara; De Maria, Roberto; Trapani, Vincenzo; Francescato, Alice; Piccoli, Micaela",Laparoscopic Treatment Of Right Colic Flexure Perforation By An Ingested Wooden Toothpick,International Journal Of Surgery Case Reports,PubMed,,,
353,2020,"Carius, Brandon M.; Dodge, P. M.; Long, Brit",Sharp Object In The Belly: A Case Of Pediatric Intentional Razor Blade Ingestion In The Emergency Department,Cureus,PubMed,,,
354,2020,"Flynn, Dj; Howell, D; Rolshud, D",Endoscopic Retrieval Of Magnetic Foreign Body Ingestions With A Nasal Bridle: Description Of A Novel Technique,Gastrointestinal Endoscopy,Web of Science,,,
355,2020,"Gao, Yan; Wang, Jin; Ma, Jing; Gao, Yingqin; Zhang, Tiesong; Lei, Puping; Xiong, Xin",Management Of Button Batteries In The Upper Gastrointestinal Tract Of Children: A Case-Series Study,Medicine,PubMed,,,
356,2020,"Ghimire, Subash; Suwal, Kriti; Yang, Tsujung; Khan, Hafiz; Lincoln, Matthew",Repetitive Sharps Ingestion And Challenges With Retrieval And Prevention,European Journal Of Case Reports In Internal Medicine,PubMed,,,
358,2020,"Hardman, J; Sharma, N; Smith, J; Nankivell, P",Conservative Management Of Oesophageal Soft Food Bolus Impaction,Cochrane Database Of Systematic Reviews,Cochrane,,,
359,2020,"Hernandez, Patricia V.; Snyder, Diana L.; Ghorab, Saba; Patel, Neej J.; Hinni, Michael L.; Horsley-Silva, Jennifer L.",Removal Of A Large Stone In The Upper Thoracic Esophagus,"Mayo Clinic Proceedings. Innovations, Quality & Outcomes",PubMed,,,
360,2020,"Delgado Salazar, Jhony Alejandro; Naveda Pacheco, Natalia Carolina; Palacios Jaramillo, Paola Alexandra; Garzón Yépez, Santiago Danilo; Medina Loza, Victor Rafael; Romero Alvarado, Carlos Alberto; Aguilar Ayala, Bernabé Esteban; Molina, Gabriel Alejandro","Ingestion Of Razor Blades, A Rare Event: A Case Report In A Psychiatric Patient",Journal Of Surgical Case Reports,PubMed,,,
361,2021,"Yu, Mh; Li, Kx; Zhou, Ss; Wang, Hy; Le, Mx; Li, C; Liu, Dl; Tan, Yy",Endoscopic Removal Of Sharp-Pointed Foreign Bodies With Both Sides Embedded Into The Duodenal Wall In Adults: A Retrospective Cohort Study,International Journal Of General Medicine,Web of Science,,,
362,2021,"Norton-Gregory, Ashley A.; Kulkarni, Naveen M.; O'Connor, Stacy D.; Budovec, Joseph J.; Zorn, Adam P.; Desouches, Stephane L.",Ct Esophagography For Evaluation Of Esophageal Perforation,"Radiographics : A Review Publication Of The Radiological Society Of North America, Inc",PubMed,,,
363,2021,"Ojio, Hidenori; Tanaka, Yoshihiro; Sato, Yuta; Imai, Takeharu; Okumura, Naoki; Matsuhashi, Nobuhisa; Takahashi, Takao; Yoshida, Kazuhiro",A Case Of Submucosal Abscess Of The Esophagus Mimicking A Mediastinal Abscess,Clinical Journal Of Gastroenterology,PubMed,,,
365,2021,"Shatani, Naoya; Alshaibani, Sara; Potts, James; Phillips, Bruce; Bray, Heather",Chest Radiograph Alone Is Sufficient As The Foreign Body Survey For Children Presenting With Coin Ingestion,Pediatric Emergency Care,PubMed,,,
366,2021,"Stubington, Tj; Kamani, T",Food Bolus And Oesophageal Foreign Body: A Summary Of The Evidence And Proposed Management Process,European Archives Of Oto-Rhino-Laryngology,Web of Science,,,
367,2021,"Mathew, Rishi P.; Sarasamma, Sreekutty; Jose, Merin; Toms, Ajith; Jayaram, Vinayak; Patel, Vimal; Low, Gavin","Clinical Presentation, Diagnosis And Management Of Aerodigestive Tract Foreign Bodies In The Adult Population: Part 1",Sa Journal Of Radiology,PubMed,,,
368,2021,"Tan, Sarah Siyin; Wang, Kai; Pang, Wenbo; Wu, Dongyang; Peng, Chunhui; Wang, Zengmeng; Zhang, Dan; Chen, Yajun",Etiology And Surgical Management Of Pediatric Acute Colon Perforation Beyond The Neonatal Stage,Bmc Surgery,PubMed,,,
369,2021,"Tavallaei, Mehdi; Bahadorinia, Mahsa; Haj Mohamad Ebrahim Ketabforoush, Arsh",Intentional Ingestion Of A Metallic Wire Causing Perforation And Retroperitoneal Abscess: A Case Report,Clinical Medicine Insights. Case Reports,PubMed,,,
370,2021,"Udemgba, Chinelo; Missov, Emil; Percy, Robert; Sattiraju, Srinivasan",A Case Report Of An Unusual Left Atrial Mass,European Heart Journal. Case Reports,PubMed,,,
371,2021,"Ventura, Sofia; Pinho, Juliana; Cancela, Eugénia; Silva, Américo",Bezoar: An Uncommon Cause Of Upper Gastrointestinal Bleeding,Revista Espanola De Enfermedades Digestivas,PubMed,,,
372,2021,"Wu, Lili; Lei, Guiyu; Liu, Ying; Wei, Zheng; Yin, Yue; Li, Yanru; Wang, Guyan","Retrospective Analysis Of Esophageal Foreign Body Ingestion: Differences Among Weekday, Weekends, And Holidays",Risk Management And Healthcare Policy,PubMed,,,
373,2021,"Yang, Liu; Li, Wen",Unusual Cervical Foreign Body - A Neglected Thermometer For 5 Years: A Case Report,World Journal Of Clinical Cases,PubMed,,,
374,2021,"Sude, Nandkishor Sopanrao; Karanam, Venkata Pavan Kumar",Endoscopic Retrieval Of Ingested Foreign Bodies: A Single Surgeon Experience,Cureus,PubMed,,,
375,2021,"Masood, Muaaz","Intentional Foreign Body Ingestions: A Complex, Recurrent And Costly Issue",American Journal Of Case Reports,PubMed,,,
377,2021,"Li, Xp; Ge, Bj; Zhao, Hm; Jin, W; Huang, Dj; Liu, Zy; Huang, Q",Intestinal Perforation By Ingested Foreign Bodies,International Surgery,Web of Science,,,
378,2021,"Lone, Sa; Hameed, A; Shiekh, Fa",Foreign Body Esophagus In A Young Infant,Clinical Case Reports,Web of Science,,,
379,2021,"Akilov, Kh A.; Asadullaev, D. R.; Yuldashev, R. Z.; Shokhaydarov, Sh I.",Cylindrical And Button Battery Ingestion In Children: A Single-Center Experience,Pediatric Surgery International,PubMed,,,
380,2021,"Al Shaaibi, Raya; Al Waili, Ibrahim",Laparoscopic Retrieval Of Ingested Foreign Body,Oman Medical Journal,PubMed,,,
381,2021,"Altokhais, Tariq",Magnet Ingestion In Children Management Guidelines And Prevention,Frontiers In Pediatrics,PubMed,,,
382,2021,"Berry, P; Kotha, S",Crying Wolf: The Danger Of Recurrent Intentional Foreign Body Ingestion,Frontline Gastroenterology,Web of Science,,,
383,2021,"Buonsenso, Danilo; Chiaretti, Antonio; Curatola, Antonietta; Morello, Rosa; Giacalone, Martina; Parri, Niccolò",Pediatrician Performed Point-Of-Care Ultrasound For The Detection Of Ingested Foreign Bodies: Case Series And Review Of The Literature,Journal Of Ultrasound,PubMed,,,
384,2021,"Bangash, Fariha; Megna, James L.; Leontieva, Luba",Deliberate Foreign Body Ingestion In A 35-Year-Old Woman With Borderline Personality Disorder And Several Psychiatric Comorbidities,Cureus,PubMed,,,
385,2021,"Craig, Michael A.; Kay, Carl; Wells, Thomas B.; Barnes, Maurice C.",Dissolving Potassium Tablets Masquerading As Concealed Foreign Body Ingestion,Cureus,PubMed,,,
386,2021,"Dines, Jacob T.; Harvey, Amie",Chronic Intentional Chicken Bone Ingestion Mimicking Inflammatory Bowel Disease,Bmj Case Reports,PubMed,,,
388,2021,"R Furlano, G Gershman...",Foreign Body Ingestion,Practical Pediatric ...,Google Scholar,,,
389,2021,Rd Gomez‐Esquivel,Foreign Bodies,The Esophagus,Google Scholar,,,
390,2021,"Gouda, Mahmoud; Elkholi, Ayman; Tranah, Thomas H.; Shawcross, Debbie L.",An 18-Year-Old Girl With Retrosternal Burning Discomfort: A Bitter Pill To Swallow,Bmj Open Gastroenterology,PubMed,,,
392,2022,"D. D., Belanny; R. F., Perdana",Case Report Of Fatal Deep Neck Abscess: A Complication Of Aerodigestive Foreign Bodies.,New Armenian Medical Journal,Google Scholar,,,
394,2022,"Motohashi, Kenzo; Thanacoody, Ruben Hk",Toxicology In The Emergency Department: What'S New?,"British Journal Of Hospital Medicine (London, England : 2005)",PubMed,,,
395,2022,"S Aliyu, Ab Ningi",Trans-Vesical Migration Of A Swallowed Needle With Intra-Urethral Impaction In A 12-Year-Old Boy,,Google Scholar,,,
396,2022,"Po Adeoye, Oa Afolabi, Hk Omokanye, I Olaoye...",Foreign Bodies In The Aerodigestive Tract: Time For Comprehensive Preventive Measures,African Health ...,Google Scholar,,,
397,2022,"Pantazopoulos, I; Mavrovounis, G; Mermiri, M; Adamou, A; Gourgoulianis, K",Intentional Ingestion Of Batteries And Razor Blades By A Prisoner: A True Emergency?,International Journal Of Prisoner Health,Web of Science,,,
399,2022,"Zhao, Gt; Zhao, Sq; Wang, Sj; Liu, X; Qi, Q; Li, Ym; Zuo, M",Unexpected Death From Hepatic Abscess 16 Months After Toothbrush Ingestion,Journal Of Forensic Sciences,Web of Science,,,
401,2022,"Yadollahi, Sina; Buchannan, Ryan; Tehami, Nadeem; Stacey, Bernard; Rahman, Imbadhur; Boger, Philip; Wright, Mark",Endoscopic Management Of Intentional Foreign Body Ingestion: Experience From A Uk Centre,Frontline Gastroenterology,PubMed,,,
402,2022,"Yang, Zao M.; Postma, Gregory N.",Unlocking Dysphagia: Intentional Ingestion Of Foreign Bodies,"Ear, Nose, & Throat Journal",PubMed,,,
403,2022,"Zachar, Jessica Joanna; Reher, Peter",Frequency And Characteristics Of Medical Emergencies In An Australian Dental School: A Retrospective Study,Journal Of Dental Education,PubMed,,,
404,2022,K Zhang,Endoscopic Management Of Esophageal Foreign Bodies: A Retrospective Study In China,,Google Scholar,,,
405,2022,"Lai, Michael J.; Morganstein, Jace; Deckard, Nathan; Koshkareva, Yekaterina",An Unusually Large Object Removed From The Upper Esophagus In A Patient With Self Harm Syndrome,"Ear, Nose, & Throat Journal",PubMed,,,
406,2022,"Sharma, J; Riyaz, S; Kilpatrick, Wj",Multi-Disciplinary Approach To Managing Deliberate Foreign Body Ingestion On The Medical Floor,Journal Of The Academy Of Consultation-Liaison Psychiatry,Web of Science,,,
409,2022,"Apikotoa, Sharie; Ballal, Helen; Wijesuriya, Ruwan",Endoscopic Foreign Body Retrieval From The Caecum - A Case Report And Push For Intervention Guidelines,International Journal Of Surgery Case Reports,PubMed,,,
410,2022,"Jackson, Richard; Chabrillac, Emilien; Bell, Alexandra; Edafe, Ovie",Rigid Versus Flexible Endoscopy For Managing Ingested Foreign Bodies-Can We Improve Pathways?,European Archives Of Oto-Rhino-Laryngology : Official Journal Of The European Federation Of Oto-Rhino-Laryngological Societies (Eufos) : Affiliated With The  German Society For Oto-Rhino-Laryngology - Head And Neck Surgery,PubMed,,,
412,2022,"Ahmed, Me; Refaie, Bm; Ahmed, Me; Ali, Aa; Dahy, Kg",Foreign Body Swallows With Airway Affection In Pediatrics,Indian Journal Of Otolaryngology And Head & Neck Surgery,Web of Science,,,
414,2022,"Ali, Ahmed; Mahgoub, Ali M.; Emad, Samar; Abdelfattah, Ahmed H.",Endoscopic Retrieval Of An Ingested Mobile Phone From The Stomach Of A Prisoner: When Gastroenterologists Answer The Call,Cureus,PubMed,,,
415,2022,"Atlas, Nir; Sinclair, Elizabeth M.; Simon, Harold K.; Riedesel, Erica L.; Figueroa, Janet; Kamat, Pradip P.; Santore, Matthew T.",Management Of Esophageal Button Battery Ingestions: Resource Utilization And Outcomes,Pediatric Surgery International,PubMed,,,
416,2022,"Bozorgmehr, Ramin; Bahadorinia, Mahsa; Pouyanfar, Shiva; Ahmadinejad, Mojtaba; Bahri, Mohammad Hadi; Bagherpour, Javad Zebarjadi",A Rare Case Of Abdominal Foreign Bodies; Laparoscopic Removal Of A Sewing Needle,Annals Of Medicine And Surgery (2012),PubMed,,,
417,2022,"Boumarah, Dhuha N.; Binkhamis, Lujain S.; Alduhileb, Mohammed",Foreign Body Ingestion: Is Intervention Always A Necessity?,Annals Of Medicine And Surgery (2012),PubMed,,,
418,2022,"Av Farooq, Ka Colby",Emergency And Initial Management Of Anterior Segment And Adnexal Trauma,Albert And Jakobiec'S Principles And Practice Of ...,Google Scholar,,,
421,2022,"Ghahremani, Gary G.; Richman, Katherine M.",Accidental Or Intentional Ingestion Of Toothbrushes: Experience With 8 Adult Patients,Emergency Radiology,PubMed,,,
423,2022,"Hosokawa, T; Tanami, Y; Sato, Y; Yoshida, M; Ebana, R; Hara, T; Nambu, R; Iwama, I; Oguma, E",Association Between The Corrosion Of Ingested Lithium Button Battery In The Esophagus And Its Complications In Pediatric Patients,Emergency Radiology,Web of Science,,,
428,2023,"Gne_, Rgn; Atay, Arif; Karahan, Furkan; Amyar, Hakan; Dilek, Osman Nuri",Gastrointestinal System Foreign Bodies.,Laparoscopic ...,Google Scholar,,,
429,2023,"Karb, Daniel; Delozier, Sara; Raad, Dany; Dumot, John; Mok, Shaffer",Effect Of Delayed Endoscopy Protocol On Timing And Safety Of Endoscopy For Foreign Body Ingestion And Esophageal Food Impaction,Journal Of Clinical Gastroenterology,PubMed,,,
430,2023,"Lorenzo, Melissa; Beno, Suzanne",Evolving Threat Of Pediatric Ingestions: A Discussion Of Cannabis And Button Batteries And Their Implications For Children,Current Opinion In Pediatrics,PubMed,,,
432,2023,"Tambakis, George; Schildkraut, Tamar; Delaney, Isabella; Gilmore, Robert; Loebenstein, Moshe; Taylor, Andrew; Holt, Bronte; Tsoi, Edward H.; Cameron, Georgina; Demediuk, Barbara; Miller, Ashley; Connell, William; Wright, Emily; Thompson, Alexander; Holmes, Jacinta",Management Of Foreign Body Ingestion In Adults: Time To Stop And Rethink Endoscopy,Endoscopy International Open,PubMed,,,
433,2023,"Scalise, P. Nina; Durgin, Jonathan M.; Staffa, Steven J.; Wynne, Nicole; Meisner, Jay; Ngo, Peter; Zendejas, Benjamin; Kim, Heung Bae; Demehri, Farokh R.",Pediatric Button Battery Ingestion: A Single Center Experience And Risk Score To Predict Severe Outcomes,Journal Of Pediatric Surgery,PubMed,,,
434,2023,"Nachira, D; Sassorossi, C; Petracca-Ciavarella, L; Zanfrini, E; Tabacco, D; Pogliani, L; Meacci, E; Congedo, Mt; Vita, Ml; Chiappetta, M; Margaritora, S; Porziella, V",Management Of Esophageal Perforations And Postoperative Leaks,Annals Of Esophagus,Web of Science,,,
435,2023,"Niset, Alexandre; Baert, Jérome; Dupriez, Florence",Point-Of-Care Ultrasound For The Diagnosis Of Pediatric Foreign Body Ingestion: A Narrative Review And Illustrative Case Report,Pediatric Emergency Care,PubMed,,,
437,2023,"Raju, Rajkiran S.; Raj, A. John Michael; Shubha, A. M.",Impacted Esophageal Foreign Bodies In Children,Pediatric Surgery International,PubMed,,,
439,2023,"Rezazadeh, Amin; Khanghah, Ali Samady; Mousazadeh, Siamak; Noori, Farzad",Removing 216 Sharp Metal Foreign Objects From The Digestive Tract Of A 30-Year-Old Male: Case Report,Annals Of Medicine And Surgery (2012),PubMed,,,
441,2023,"Mezouari F.A., Haddad F., El Rhaoussi F.Z., Hassani M.T.J., Hliwa W., Bellabah A., Badre W.",Ingestion Of Foreign Bodies In Prisons: How Should They Be Managed: Study Of 13 Cases,Turkish Journal Of Gastroenterology,Embase,,,
442,2023,"Kaazan, P.; Seow, W.; Tan, Z.; Logan, H.; Philpott, H.; Huynh, D.; Warren, N.; Mcivor, C.; Holtmann, G.; Clark, S. R.; Tse, E.",Deliberate Foreign Body Ingestion In Patients With Underlying Mental Illness: A Retrospective Multicentre Study,Australasian Psychiatry : Bulletin Of Royal Australian And New Zealand College Of Psychiatrists,PubMed,,,
443,2023,Divsalar P.; Mousa S.H.; Abbasi M.H.,Repeated Intentional Swallowing Of Foreign Objects By An Adolescent Girl Case Report,International Journal Of High Risk Behaviors And Addiction,SCOPUS,,,
444,2023,"Jaini, Paresh A.; Haliburton, James; Rush, A. John",Management Challenges Of Recurrent Foreign Body Ingestions In A Psychiatric Patient: A Case Report,Journal Of Psychiatric Practice,PubMed,,,
445,2023,"Jones, B; Roskilly, A",Management Of Deliberate Foreign Body Ingestion Requiring Endoscopic Retrieval,Gut,Web of Science,,,
447,2023,Alli-Balogun O.; Singh G.; Korenis P.,Intentional Foreign Body Ingestion In A Patient With Borderline Personality Disorder And Other Comorbidities,Primary Care Companion For Cns Disorders,SCOPUS,,,
448,2023,"Alturkmani, Omar G.; Al-Badawi, Maysa M.; Alturkmani, Shafeq G.; Al-Midani, Muhammad H.; Attar, Shahd A.",A Case Report Of Non-Intentional Foreign Body Ingestion In An Elderly Patient,Cureus,PubMed,,,
451,2023,"Chauhan, Ashish; Bodh, Vishal; Sharma, Rajesh; Sharma, Brij",Intentional Ingestion Of A Foreign Body - Why We Need Psychiatrists,Middle East Journal Of Digestive Diseases,PubMed,,,
454,2023,"Estrada, Tm; Mejía, Mrf; Losada, Gcl; Niño-Serna, Lf",Upper Gastrointestinal Endoscopy In Pediatrics: Experience Of A High Complexity Center In Latin-America,Andes Pediatrica,Web of Science,,,
459,2023,"Huang, James Guoxian; Tanpowpong, Pornthep",Paediatric Gastrointestinal Endoscopy In The Asian-Pacific Region: Recent Advances In Diagnostic And Therapeutic Techniques,World Journal Of Gastroenterology,PubMed,,,
460,2023,"Das, Siddharth Sankar; Krishnan, Suhasini; Mandhane, Nisha K.; Shalak, Husni S.",Intentional Ingestion Of Foreign Bodies: A Physician'S Agony,Cureus,PubMed,,,
461,2023,"Ishak A., Smith J., Nanda A., Dimaggio F., Thomas R.","Hard To Swallow, Hard To Treat",British Journal Of Surgery,Embase,,,
465,2024,"Pham, Serena T.; Sakai, Osamu; Andreu-Arasa, V. Carlota",Imaging Approach To Ingested Foreign Bodies In The Neck,Neuroradiology,PubMed,,,
466,2024,"Prokop, Jacek; Prokop, Mateusz",Repeated Foreign Body Ingestion As A Dynamic Game: A Case Report,Sage Open Medical Case Reports,PubMed,,,
467,2024,"Rizvi, Anza; Rizvi, Fatima; Chorath, Kevin; Suresh, Neeraj V.; De Ravin, Emma; Romeo, Dominic; Lakshmipathy, Deepak; Barrette, Louis-Xavier; Rajasekaran, Karthik",Clinical Practice Guidelines In The Management Of Pediatric Foreign Body Aspiration And Ingestion: A Systematic Evaluation Using The Agree Ii Instrument,Pediatric Surgery International,PubMed,,,
470,2024,"Stratton H.S., Davis R., Lewbart G.A.",Gastrotomy For Removal Of A Gastric Fishhook Foreign Body In A Blue Catfish Ictalurus Furcatus,Veterinary Record Case Reports,Embase,,,
471,2024,"Sultan, Noran; Attar, Hanin; Sembawa, Hatem; Alharthi, Hind",A Plastic Bezoar Causing Bowel Obstruction: A Case Of Table Cover Ingestion,International Journal Of Surgery Case Reports,PubMed,,,
474,2024,"Roggero, Arianna; Guerriero, Vittorio; Lena, Federica; Arrigo, Serena; Santoro, Francesco; D'Agostino, Roberto; Damasio, Maria Beatrice; Rizzo, Francesca; Gandullia, Paolo; Moscatelli, Andrea; Mattioli, Girolamo; Torre, Michele",Surgical Management Protocol For Disk Battery Ingestion,Pediatric Surgery International,PubMed,,,
475,2024,"Marie A., Sahli-Vivicorsi S., Leclere J.-C.",A Dangerous Appetite,"European Annals Of Otorhinolaryngology, Head And Neck Diseases",Embase,,,
476,2024,"Colapkulu Akgul N., Beyazadam D., Ozsoy M.S., Alımoglu O.",Chronic Foreign Body Ingestion In Two Adults With Psychiatric Disorder: Is It Possible To Wait And See? Foreign Body Ingestion,Annals Of Clinical And Analytical Medicine,Embase,,,
477,2024,Lambe G.; Dempsey P.; Bolger M.; Bolster F.,"Self-Harm, Suicide And Brain Death: The Role Of The Radiologist",Clinical Radiology,SCOPUS,,,
478,2024,"Kapalu, Cml; Uraizee, O; Lerner, Dg; Thomson, M; Attard, T",Endoscopist Experience With Pediatric Recurrent And Intentional Foreign Body Ingestion Rifbi: Management Considerations And Future Directions,Journal Of Pediatric Gastroenterology And Nutrition,Web of Science,,,
480,2024,"Hoey, Paris; Ryan, Kimberley; Mcdonald, Clancy; Brown, Nathan J.; Boon, Kym; Grimpen, Florian; Appleyard, Mark","Repeated Intentional Foreign Body Ingestion, What Can Be Done?",Emergency Medicine Australasia : Ema,PubMed,,,
483,2024,"Dranova, Sabina; Siddiqui, Zohaib; Tobbal, Muhammad; Pitkin, Lisa",Difficult Oesophageal Foreign Body Removal: A Novel Surgical Approach To A Complex Situation,Journal Of Laryngology And Otology,PubMed,,,
484,2024,Fj Buils,Repeated Behavior Of Deliberate Foreign Body Ingestion In A Patient With Psychiatric Disorder,A Case Report. Clin Surg,Google Scholar,,,
485,2024,"Bhumi, Sriya; Mago, Sheena; Mavilia-Scranton, Marianna G.; Birk, John W.; Rezaizadeh, Houman",Esophageal Button Battery Retrieval: Time-In May Not Be Everything,Cureus,PubMed,,,
486,2024,"R Soloperto, G Festa, M Beatrice...",Life-Threatening Carotid Complications Caused By Extraluminal Migration Of Ingested Foreign Bodies; A Case Report And Narrative Review Of Literature,Archives Of ...,Google Scholar,,,
487,2024,"Ardila, Sara; Woodley, Lucille; Ulloa, Emily; Fernandez, Jenelle; Bornstein, Jeffery; Seims, Aaron",Utilization Of Single-Incision Laparoscopy In The Management Of Ingested Magnets,Journal Of Laparoendoscopic & Advanced Surgical Techniques. Part A,PubMed,,,
488,2024,"Aourarh, Benayad; Belkouchi, Lina; Saouab, Rachida; Aourarh, Aziz; Belkouchi, Omar",Hematemesis In A Young Patient: When The Cause Is Ingested: A Case Report,Radiology Case Reports,PubMed,,,
489,2024,"Wu, Lei; Chen, Xiao-Yu; Ji, Dan; Zhang, Zhi-Guo; Mao, Xu-Ping",Foreign Body-Intestinal Canal Angle Guides Management Of Ingested Foreign Bodies In The Lower Gastrointestinal Tract,Abdominal Radiology (New York),PubMed,,,
