,Study_ID,First_Author,Publication_Year,Title,Study_Design,Population_Type,Study_Setting,Study_Location,DOI,Data_Extracted,Bibliography_Searched,Exclude,Notes,Case_Count,Age_Low,Age_High,Age_Mean,Age_Median,Gender_Male_Cases,Gender_Male_Rate,Gender_Female_Cases,Gender_Female_Rate,Gender_Unknown_Cases,Gender_Unknown_Rate,Is_Prisoner_Cases,Is_Prisoner_Rate,Is_Psych_Inpat_Cases,Is_Psych_Inpat_Rate,Is_Displaced_Person_Cases,Is_Displaced_Person_Rate,Under_Influence_Alcohol_Cases,Under_Influence_Alcohol_Rate,Psych_Hx_Cases,Psych_Hx_Rate,Severe_Disability_Hx_Cases,Severe_Disability_Hx_Rate,Previous_Ingestions_Cases,Previous_Ingestions_Rate,Motivation_Intent_To_Harm_Cases,Motivation_Intent_To_Harm_Rate,Motivation_Protest_Cases,Motivation_Protest_Rate,Motivation_Psychiatric_Cases,Motivation_Psychiatric_Rate,Motivation_Psychosocial_Cases,Motivation_Psychosocial_Rate,Motivation_Unknown_Cases,Motivation_Unknown_Rate,Motivation_Other_Cases,Motivation_Other_Rate,Motivation_Other_Psych_Hx_Cases,Motivation_Other_Psych_Hx_Rate,Motivation_Other_Severe_Disability_Hx_Cases,Motivation_Other_Severe_Disability_Hx_Rate,Object_Button_Battery_Cases,Object_Button_Battery_Rate,Object_Magnet_Cases,Object_Magnet_Rate,Object_Long_Cases,Object_Long_Rate,Object_Diameter_Large_Cases,Object_Diameter_Large_Rate,Object_Sharp_Cases,Object_Sharp_Rate,Object_Multiple_Cases,Object_Multiple_Rate,Object_Long_Sharp_Cases,Object_Long_Sharp_Rate,Object_Short_Cases,Object_Short_Rate,Object_Short_Sharp_Cases,Object_Short_Sharp_Rate,Outcome_Endoscopy_Cases,Outcome_Endoscopy_Rate,Outcome_Surgery_Cases,Outcome_Surgery_Rate,Outcome_Death_Cases,Outcome_Death_Rate,Outcome_Injury_Needing_Intervention_Cases,Outcome_Injury_Needing_Intervention_Rate,Outcome_Perforation_Cases,Outcome_Perforation_Rate,Outcome_Obstruction_Cases,Outcome_Obstruction_Rate,Outcome_Other_Cases,Outcome_Other_Rate,Outcome_Conservative_Cases,Outcome_Conservative_Rate,Total_Cases,Outcome_Endoscopy_Surgery_Cases,Outcome_Endoscopy_Surgery_Rate
0,3,"Richardson, M.H.",1886,"A Case Of Gastrotomy. Digital Exploration Of Sophagus, And Removal Of Plate Of Teeth; Recovery: Remarks Upon The Operation, And Observations Upon The ...",Case Series,,Historical,USA,10.1056/NEJM188612161152403,Y,N,,,19.0,16.0,50.0,28.0,24.5,10.0,0.5263157894736842,4.0,0.21052631578947367,5.0,0.2631578947368421,0.0,0.0,0.0,0.0,0.0,0.0,1.0,0.05263157894736842,2.0,0.10526315789473684,0.0,0.0,0.0,0.0,0.0,0.0,0.0,0.0,1.0,0.05263157894736842,6.0,0.3157894736842105,10.0,0.5263157894736842,2.0,0.10526315789473684,1.0,0.05263157894736842,0.0,0.0,0.0,0.0,0.0,0.0,18.0,0.9473684210526315,19.0,1.0,8.0,0.42105263157894735,1.0,0.05263157894736842,7.0,0.3684210526315789,1.0,0.05263157894736842,1.0,0.05263157894736842,0.0,0.0,19.0,1.0,4.0,0.21052631578947367,11.0,0.5789473684210527,9.0,0.47368421052631576,1.0,0.05263157894736842,3.0,0.15789473684210525,0.0,0.0,19.0,0.0,0.0
1,39,"Tanigawa, K.",1993,Endoscopic Removal Of Foreign Bodies In The Mentally And Physically Handicapped,Case Report,,,Japan,,Y,N,,,1.0,31.0,31.0,31.0,31.0,1.0,1.0,0.0,0.0,0.0,0.0,0.0,0.0,1.0,1.0,0.0,0.0,0.0,0.0,0.0,0.0,1.0,1.0,0.0,0.0,0.0,0.0,0.0,0.0,0.0,0.0,0.0,0.0,1.0,1.0,0.0,0.0,0.0,0.0,0.0,0.0,0.0,0.0,0.0,0.0,0.0,0.0,1.0,1.0,0.0,0.0,1.0,1.0,0.0,0.0,1.0,1.0,0.0,0.0,1.0,1.0,0.0,0.0,0.0,0.0,0.0,0.0,0.0,0.0,0.0,0.0,1.0,1.0,0.0,0.0,1.0,0.0,0.0
2,46,"O'Sullivan, S.T.",1996,Deliberate Ingestion Of Foreign Bodies By Institutionalised Psychiatric Hospital Patients And Prison Inmates,Case Series,Mixed Prisoner Psychiatric Inpatient Population,"Department of Plastic & Reconstructive Surgery, Cork Regmnal Hospital","Wilton, Cork, Ireland",10.1007/bf02943095,Y,N,,,,,,,,0.0,0.0,0.0,0.0,0.0,0.0,0.0,0.0,0.0,0.0,0.0,0.0,0.0,0.0,0.0,0.0,0.0,0.0,0.0,0.0,0.0,0.0,0.0,0.0,0.0,0.0,0.0,0.0,0.0,0.0,0.0,0.0,0.0,0.0,0.0,0.0,0.0,0.0,0.0,0.0,0.0,0.0,0.0,0.0,0.0,0.0,0.0,0.0,0.0,0.0,0.0,0.0,0.0,0.0,0.0,0.0,0.0,0.0,0.0,0.0,0.0,0.0,0.0,0.0,0.0,0.0,0.0,0.0,0.0,0.0,0.0,0.0,0.0
3,51,"Losanoff, J.E.",1996,Gastrointestinal 'Crosses'. A New Shade From An Old Palette,Case Series,,University Hospital in Bulgaria,Bulgaria,10.1001/archsurg.1996.01430140056015,Y,N,,,5.0,19.0,29.0,21.8,20.0,5.0,1.0,0.0,0.0,0.0,0.0,5.0,1.0,0.0,0.0,0.0,0.0,0.0,0.0,0.0,0.0,0.0,0.0,0.0,0.0,5.0,1.0,5.0,1.0,0.0,0.0,0.0,0.0,0.0,0.0,0.0,0.0,0.0,0.0,0.0,0.0,0.0,0.0,0.0,0.0,0.0,0.0,5.0,1.0,5.0,1.0,5.0,1.0,0.0,0.0,5.0,1.0,5.0,1.0,0.0,0.0,5.0,1.0,0.0,0.0,5.0,1.0,5.0,1.0,0.0,0.0,0.0,0.0,0.0,0.0,5.0,0.0,0.0
4,54,"Losanoff, J.E.",1997,"Oesophageal ""Cross""--A Sinister Foreign Body",Case Report,,University Hospital in Bulgaria,Bulgaria,10.1136/emj.14.1.54,Y,N,,,1.0,23.0,23.0,23.0,23.0,1.0,1.0,0.0,0.0,0.0,0.0,1.0,1.0,0.0,0.0,0.0,0.0,0.0,0.0,0.0,0.0,0.0,0.0,0.0,0.0,1.0,1.0,1.0,1.0,0.0,0.0,0.0,0.0,0.0,0.0,0.0,0.0,0.0,0.0,0.0,0.0,0.0,0.0,0.0,0.0,0.0,0.0,1.0,1.0,1.0,1.0,0.0,0.0,0.0,0.0,1.0,1.0,1.0,1.0,0.0,0.0,1.0,1.0,0.0,0.0,0.0,0.0,0.0,0.0,0.0,0.0,0.0,0.0,0.0,0.0,1.0,0.0,0.0
5,60,"Goldman, R.D.",1998,A Bizarre Bezoar: Case Report And Review Of The Literature,Case Report,,Paediatric Surgery in Israel,Israel,10.1007/s003830050492,Y,N,,,1.0,16.0,16.0,16.0,16.0,0.0,0.0,1.0,1.0,0.0,0.0,0.0,0.0,0.0,0.0,0.0,0.0,0.0,0.0,0.0,0.0,0.0,0.0,0.0,0.0,0.0,0.0,0.0,0.0,0.0,0.0,1.0,1.0,0.0,0.0,0.0,0.0,0.0,0.0,0.0,0.0,0.0,0.0,0.0,0.0,0.0,0.0,0.0,0.0,0.0,0.0,1.0,1.0,0.0,0.0,1.0,1.0,0.0,0.0,0.0,0.0,0.0,0.0,0.0,0.0,0.0,0.0,0.0,0.0,1.0,1.0,0.0,0.0,1.0,1.0,1.0,0.0,0.0
6,61,"Csaky, G.",1998,Laparoscopic Removal Of A Foreign Body From The Jejunum,Case Report,,County Hospitak,Hungary,,Y,N,,,1.0,22.0,22.0,22.0,22.0,1.0,1.0,0.0,0.0,0.0,0.0,0.0,0.0,0.0,0.0,0.0,0.0,1.0,1.0,0.0,0.0,0.0,0.0,1.0,1.0,1.0,1.0,0.0,0.0,0.0,0.0,0.0,0.0,0.0,0.0,0.0,0.0,0.0,0.0,0.0,0.0,0.0,0.0,0.0,0.0,1.0,1.0,1.0,1.0,1.0,1.0,0.0,0.0,1.0,1.0,0.0,0.0,0.0,0.0,0.0,0.0,1.0,1.0,0.0,0.0,1.0,1.0,0.0,0.0,0.0,0.0,1.0,1.0,0.0,0.0,1.0,0.0,0.0
7,85,"Tupesis, J.P.",2004,A Penny For Your Thoughts: Small Bowel Obstruction Secondary To Coin Ingestion,Case Report,,Emergency Department USA,"Chicago, USA",10.1016/j.jemermed.2004.03.013,Y,N,,,1.0,22.0,22.0,22.0,22.0,0.0,0.0,1.0,1.0,0.0,0.0,0.0,0.0,0.0,0.0,0.0,0.0,0.0,0.0,0.0,0.0,0.0,0.0,0.0,0.0,0.0,0.0,1.0,1.0,0.0,0.0,1.0,1.0,0.0,0.0,0.0,0.0,0.0,0.0,0.0,0.0,0.0,0.0,0.0,0.0,0.0,0.0,0.0,0.0,0.0,0.0,0.0,0.0,0.0,0.0,1.0,1.0,0.0,0.0,0.0,0.0,1.0,1.0,0.0,0.0,1.0,1.0,0.0,0.0,1.0,1.0,1.0,1.0,0.0,0.0,1.0,0.0,0.0
8,92,"Alao, A.O.",2006,Foreign Body Ingestions In A Schizophrenic Patient,Case Report,,Teaching Hospital Emergency Department,"New York, USA",10.4314/wajm.v25i3.28286,Y,N,,,1.0,30.0,30.0,30.0,30.0,1.0,1.0,0.0,0.0,0.0,0.0,1.0,1.0,0.0,0.0,0.0,0.0,0.0,0.0,1.0,1.0,0.0,0.0,1.0,1.0,1.0,1.0,0.0,0.0,1.0,1.0,0.0,0.0,0.0,0.0,0.0,0.0,0.0,0.0,0.0,0.0,0.0,0.0,0.0,0.0,0.0,0.0,1.0,1.0,1.0,1.0,0.0,0.0,0.0,0.0,0.0,0.0,0.0,0.0,0.0,0.0,1.0,1.0,0.0,0.0,0.0,0.0,0.0,0.0,0.0,0.0,0.0,0.0,0.0,0.0,1.0,0.0,0.0
9,99,"Hunt, I.",2007,Aortoesophageal Perforation Following Ingestion Of Razorblades With Massive Haemothorax,Case Report,,Cardiothoracic Centre,"London, UK",,Y,N,,,1.0,44.0,44.0,44.0,44.0,0.0,0.0,1.0,1.0,0.0,0.0,0.0,0.0,0.0,0.0,0.0,0.0,0.0,0.0,1.0,1.0,0.0,0.0,0.0,0.0,0.0,0.0,0.0,0.0,0.0,0.0,0.0,0.0,1.0,1.0,0.0,0.0,0.0,0.0,0.0,0.0,0.0,0.0,0.0,0.0,0.0,0.0,0.0,0.0,1.0,1.0,1.0,1.0,0.0,0.0,1.0,1.0,1.0,1.0,0.0,0.0,1.0,1.0,1.0,1.0,1.0,1.0,1.0,1.0,0.0,0.0,1.0,1.0,0.0,0.0,1.0,0.0,0.0
10,101,"Gitlin, D.F.",2007,Foreign-Body Ingestion In Patients With Personality Disorders,Case Series,,Psychiatric Population,"Boston, USA",,Y,N,,,5.0,27.0,53.0,34.6,31.0,1.0,0.2,4.0,0.8,0.0,0.0,0.0,0.0,1.0,0.2,0.0,0.0,0.0,0.0,5.0,1.0,0.0,0.0,4.0,0.8,4.0,0.8,0.0,0.0,5.0,1.0,0.0,0.0,2.0,0.4,0.0,0.0,0.0,0.0,0.0,0.0,0.0,0.0,0.0,0.0,1.0,0.2,1.0,0.2,2.0,0.4,2.0,0.4,0.0,0.0,2.0,0.4,2.0,0.4,1.0,0.2,0.0,0.0,0.0,0.0,0.0,0.0,0.0,0.0,0.0,0.0,0.0,0.0,4.0,0.8,5.0,0.0,0.0
11,113,"Sakellaridis, T.",2008,An Unusual Case Of A Swallowed Thermometer Perforated In The Mediastinum,Case Report,,Single Centre,"Athens, Greece",,Y,N,,,1.0,39.0,39.0,39.0,39.0,0.0,0.0,1.0,1.0,0.0,0.0,0.0,0.0,0.0,0.0,0.0,0.0,0.0,0.0,1.0,1.0,0.0,0.0,1.0,1.0,1.0,1.0,0.0,0.0,1.0,1.0,0.0,0.0,0.0,0.0,1.0,1.0,1.0,1.0,0.0,0.0,0.0,0.0,0.0,0.0,1.0,1.0,1.0,1.0,0.0,0.0,0.0,0.0,0.0,0.0,0.0,0.0,0.0,0.0,1.0,1.0,0.0,0.0,0.0,0.0,0.0,0.0,0.0,0.0,0.0,0.0,1.0,1.0,0.0,0.0,1.0,0.0,0.0
12,131,"Palto, R.",2009,Foreign-Body Ingestion: Characteristics And Outcomes In A Lower Socioeconomic Population With Predominantly Intentional Ingestion,Retrospective Chart Review,"Predominantly intentional ingestion, in a lower socioeconomic status population",Urban County Hospital,"Los Angeles, California, USA",10.1016/j.gie.2008.05.072,Y,N,,,,,,,,0.0,0.0,0.0,0.0,0.0,0.0,0.0,0.0,0.0,0.0,0.0,0.0,0.0,0.0,0.0,0.0,0.0,0.0,0.0,0.0,0.0,0.0,0.0,0.0,0.0,0.0,0.0,0.0,0.0,0.0,0.0,0.0,0.0,0.0,0.0,0.0,0.0,0.0,0.0,0.0,0.0,0.0,0.0,0.0,0.0,0.0,0.0,0.0,0.0,0.0,0.0,0.0,0.0,0.0,0.0,0.0,0.0,0.0,0.0,0.0,0.0,0.0,0.0,0.0,0.0,0.0,0.0,0.0,0.0,0.0,0.0,0.0,0.0
13,138,"Islam, S.R.",2010,Endoscopic Removal Of Multiple Duodenum Foreign Bodies: An Unusual Occurrence,Case Report,,,,,Y,N,,,1.0,62.0,62.0,62.0,62.0,1.0,1.0,0.0,0.0,0.0,0.0,1.0,1.0,0.0,0.0,0.0,0.0,0.0,0.0,1.0,1.0,0.0,0.0,1.0,1.0,0.0,0.0,0.0,0.0,1.0,1.0,0.0,0.0,1.0,1.0,0.0,0.0,0.0,0.0,0.0,0.0,0.0,0.0,0.0,0.0,1.0,1.0,1.0,1.0,0.0,0.0,1.0,1.0,0.0,0.0,0.0,0.0,0.0,0.0,1.0,1.0,0.0,0.0,0.0,0.0,1.0,1.0,0.0,0.0,0.0,0.0,0.0,0.0,0.0,0.0,1.0,0.0,0.0
14,139,"Huang, B.L.",2010,Intentional Swallowing Of Foreign Bodies Is A Recurrent And Costly Problem That Rarely Causes Endoscopy Complications,Retrospective Chart Review,,Rhode Island Hospital,"Providence, Rhode Island, USA",10.1016/j.cgh.2010.07.013,Y,N,,Does not report endoscopy rates.,,,,,,0.0,0.0,0.0,0.0,0.0,0.0,0.0,0.0,0.0,0.0,0.0,0.0,0.0,0.0,0.0,0.0,0.0,0.0,0.0,0.0,0.0,0.0,0.0,0.0,0.0,0.0,0.0,0.0,0.0,0.0,0.0,0.0,0.0,0.0,0.0,0.0,0.0,0.0,0.0,0.0,0.0,0.0,0.0,0.0,0.0,0.0,0.0,0.0,0.0,0.0,0.0,0.0,0.0,0.0,0.0,0.0,0.0,0.0,0.0,0.0,0.0,0.0,0.0,0.0,0.0,0.0,0.0,0.0,0.0,0.0,0.0,0.0,0.0
15,148,"Sobnach, S.",2011,Penetrating Cardiac Injury Following Sewing Needle Ingestion,Case Report,,,,,Y,N,,,1.0,19.0,19.0,19.0,19.0,1.0,1.0,0.0,0.0,0.0,0.0,0.0,0.0,0.0,0.0,0.0,0.0,0.0,0.0,0.0,0.0,0.0,0.0,0.0,0.0,0.0,0.0,0.0,0.0,0.0,0.0,1.0,1.0,0.0,0.0,0.0,0.0,0.0,0.0,0.0,0.0,0.0,0.0,0.0,0.0,0.0,0.0,0.0,0.0,1.0,1.0,1.0,1.0,0.0,0.0,1.0,1.0,1.0,1.0,0.0,0.0,1.0,1.0,0.0,0.0,1.0,1.0,0.0,0.0,0.0,0.0,1.0,1.0,0.0,0.0,1.0,0.0,0.0
16,168,"Trgo, G.",2012,Successful Endoscopic Removal Of A Lighter Swallowed 17 Months Before,Case Report,,"Department of Internal Medicine, Division of Gastroenterology, University Hospital Split","Split, Croatia",,Y,N,,,1.0,36.0,36.0,36.0,36.0,1.0,1.0,0.0,0.0,0.0,0.0,1.0,1.0,0.0,0.0,0.0,0.0,0.0,0.0,0.0,0.0,0.0,0.0,0.0,0.0,0.0,0.0,0.0,0.0,0.0,0.0,0.0,0.0,0.0,0.0,1.0,1.0,0.0,0.0,0.0,0.0,0.0,0.0,0.0,0.0,1.0,1.0,1.0,1.0,0.0,0.0,0.0,0.0,0.0,0.0,0.0,0.0,0.0,0.0,1.0,1.0,0.0,0.0,0.0,0.0,1.0,1.0,0.0,0.0,0.0,0.0,1.0,1.0,0.0,0.0,1.0,0.0,0.0
17,171,"Tammana, V.S.",2012,All The Wrong Places: An Unusual Case Of Foreign Body Ingestion And Inhalation,Case Report,,Howard University Hospital,"Washington DC, USA",,Y,N,,,1.0,26.0,26.0,26.0,26.0,1.0,1.0,0.0,0.0,0.0,0.0,1.0,1.0,0.0,0.0,0.0,0.0,0.0,0.0,1.0,1.0,0.0,0.0,0.0,0.0,1.0,1.0,0.0,0.0,1.0,1.0,0.0,0.0,0.0,0.0,0.0,0.0,0.0,0.0,0.0,0.0,0.0,0.0,0.0,0.0,0.0,0.0,0.0,0.0,0.0,0.0,1.0,1.0,0.0,0.0,1.0,1.0,0.0,0.0,1.0,1.0,0.0,0.0,0.0,0.0,0.0,0.0,0.0,0.0,0.0,0.0,0.0,0.0,0.0,0.0,1.0,0.0,0.0
18,172,"Naji, H.",2011,Bowel Injuries Caused By Ingestion Of Multiple Magnets In Children: A Growing Hazard,Case Series,,Astrid Lindgren Children’s Hospital,"Stockholm, Sweden",,Y,N,,,1.0,12.0,12.0,12.0,12.0,0.0,0.0,1.0,1.0,0.0,0.0,0.0,0.0,0.0,0.0,0.0,0.0,0.0,0.0,0.0,0.0,0.0,0.0,0.0,0.0,0.0,0.0,0.0,0.0,0.0,0.0,1.0,1.0,0.0,0.0,0.0,0.0,0.0,0.0,0.0,0.0,0.0,0.0,1.0,1.0,0.0,0.0,1.0,1.0,0.0,0.0,1.0,1.0,0.0,0.0,1.0,1.0,0.0,0.0,0.0,0.0,1.0,1.0,0.0,0.0,1.0,1.0,1.0,1.0,0.0,0.0,0.0,0.0,0.0,0.0,1.0,0.0,0.0
19,175,"Hyung Lee, J.",2012,What Is The Role Of Plain Radiography In Patients With Foreign Bodies In The Gastrointestinal Tract?,Review,,"Kyung Hee University Hospital at Gangdong, School of Medicine, Kyung Hee University","Seoul, South Korea",,Y,N,,,2.0,32.0,62.0,47.0,47.0,2.0,1.0,0.0,0.0,0.0,0.0,0.0,0.0,0.0,0.0,0.0,0.0,0.0,0.0,2.0,1.0,0.0,0.0,0.0,0.0,1.0,0.5,0.0,0.0,2.0,1.0,0.0,0.0,0.0,0.0,0.0,0.0,0.0,0.0,0.0,0.0,0.0,0.0,1.0,0.5,2.0,1.0,2.0,1.0,1.0,0.5,1.0,0.5,1.0,0.5,0.0,0.0,0.0,0.0,0.0,0.0,2.0,1.0,0.0,0.0,2.0,1.0,2.0,1.0,0.0,0.0,0.0,0.0,0.0,0.0,2.0,0.0,0.0
20,182,"DiPoce, J.",2012,Radiologic Findings In Cases Of Attempted Suicide And Other Self-Injurious Behavior,Review,,Staten Island University Hospital,"New York, USA",,Y,N,,,2.0,25.0,27.0,26.0,26.0,0.0,0.0,2.0,1.0,0.0,0.0,0.0,0.0,1.0,0.5,0.0,0.0,0.0,0.0,2.0,1.0,0.0,0.0,0.0,0.0,1.0,0.5,0.0,0.0,2.0,1.0,0.0,0.0,1.0,0.5,0.0,0.0,0.0,0.0,0.0,0.0,0.0,0.0,0.0,0.0,0.0,0.0,1.0,0.5,1.0,0.5,2.0,1.0,0.0,0.0,2.0,1.0,1.0,0.5,1.0,0.5,0.0,0.0,0.0,0.0,0.0,0.0,0.0,0.0,0.0,0.0,0.0,0.0,1.0,0.5,2.0,0.0,0.0
21,192,"Dalal, P.P",2013,Intentional Foreign Object Ingestions: Need For Endoscopy And Surgery,Review,Single-center retrospective review of inmates presenting to The Ohio State University Wexner Medical Center with IIFO between January 2004 and January 2012.,Ohio State University Wexner Medical Center,"Columbus, Ohio, USA",,Y,N,,,,,,,,0.0,0.0,0.0,0.0,0.0,0.0,0.0,0.0,0.0,0.0,0.0,0.0,0.0,0.0,0.0,0.0,0.0,0.0,0.0,0.0,0.0,0.0,0.0,0.0,0.0,0.0,0.0,0.0,0.0,0.0,0.0,0.0,0.0,0.0,0.0,0.0,0.0,0.0,0.0,0.0,0.0,0.0,0.0,0.0,0.0,0.0,0.0,0.0,0.0,0.0,0.0,0.0,0.0,0.0,0.0,0.0,0.0,0.0,0.0,0.0,0.0,0.0,0.0,0.0,0.0,0.0,0.0,0.0,0.0,0.0,0.0,0.0,0.0
22,195,"Yu, H.",2014,Single-Incision Laparoscopic Surgery For Ingested Foreign Body Removal,Case Report,,Unknown,Unknown,,Y,N,,,1.0,16.0,16.0,16.0,16.0,1.0,1.0,0.0,0.0,0.0,0.0,1.0,1.0,0.0,0.0,0.0,0.0,0.0,0.0,0.0,0.0,0.0,0.0,0.0,0.0,0.0,0.0,0.0,0.0,0.0,0.0,0.0,0.0,1.0,1.0,0.0,0.0,0.0,0.0,0.0,0.0,0.0,0.0,0.0,0.0,1.0,1.0,1.0,1.0,1.0,1.0,0.0,0.0,1.0,1.0,0.0,0.0,0.0,0.0,0.0,0.0,1.0,1.0,0.0,0.0,0.0,0.0,0.0,0.0,0.0,0.0,0.0,0.0,0.0,0.0,1.0,0.0,0.0
23,214,"Tanrikulu, Y.",2015,Ingestion Of Multiple Magnets For Suicide,Case Report,,Emergency Department,Hong Kong,,Y,N,,,1.0,17.0,17.0,17.0,17.0,1.0,1.0,0.0,0.0,0.0,0.0,0.0,0.0,0.0,0.0,0.0,0.0,0.0,0.0,1.0,1.0,0.0,0.0,1.0,1.0,1.0,1.0,0.0,0.0,1.0,1.0,0.0,0.0,0.0,0.0,0.0,0.0,0.0,0.0,0.0,0.0,0.0,0.0,1.0,1.0,0.0,0.0,1.0,1.0,0.0,0.0,1.0,1.0,0.0,0.0,1.0,1.0,0.0,0.0,1.0,1.0,1.0,1.0,0.0,0.0,1.0,1.0,0.0,0.0,0.0,0.0,1.0,1.0,0.0,0.0,1.0,1.0,1.0
24,217,"Wadhwa, C.",2015,The Mule With Golden Eggs: Retrieval Of Unusual Foreign Body,Case Report,,Surgicla Outpatient Department,"Kamataka, India",10.4103/0976-5042.159247,Y,N,,,1.0,44.0,44.0,44.0,44.0,1.0,1.0,0.0,0.0,0.0,0.0,0.0,0.0,0.0,0.0,0.0,0.0,0.0,0.0,0.0,0.0,0.0,0.0,0.0,0.0,0.0,0.0,0.0,0.0,0.0,0.0,0.0,0.0,0.0,0.0,1.0,1.0,0.0,0.0,0.0,0.0,0.0,0.0,0.0,0.0,0.0,0.0,0.0,0.0,0.0,0.0,1.0,1.0,0.0,0.0,1.0,1.0,0.0,0.0,1.0,1.0,0.0,0.0,0.0,0.0,0.0,0.0,0.0,0.0,0.0,0.0,0.0,0.0,0.0,0.0,1.0,0.0,0.0
25,219,"Wnek, B.",2015,Foreign Body In The Gastrointestinal Tract Leading To Small Bowel Obstruction--Case Report And Literature Review,Case Report,,Department of General and Colorectal Surgery,"Poznan, Poland",,Y,N,,,1.0,33.0,33.0,33.0,33.0,0.0,0.0,1.0,1.0,0.0,0.0,0.0,0.0,0.0,0.0,0.0,0.0,0.0,0.0,0.0,0.0,0.0,0.0,0.0,0.0,0.0,0.0,0.0,0.0,0.0,0.0,1.0,1.0,0.0,0.0,0.0,0.0,0.0,0.0,0.0,0.0,0.0,0.0,0.0,0.0,0.0,0.0,1.0,1.0,0.0,0.0,0.0,0.0,0.0,0.0,1.0,1.0,0.0,0.0,1.0,1.0,1.0,1.0,0.0,0.0,1.0,1.0,0.0,0.0,1.0,1.0,0.0,0.0,0.0,0.0,1.0,1.0,1.0
26,226,"Seval, A.",2015,A Deliberately Swallowed Foreign Body: Money Package,Case Report,,Izmir Tepecik Education and Research Hospital,"Izmir, Turkey",10.1055/s-0035-1569668,Y,N,,,1.0,23.0,23.0,23.0,23.0,1.0,1.0,0.0,0.0,0.0,0.0,0.0,0.0,0.0,0.0,1.0,1.0,0.0,0.0,0.0,0.0,0.0,0.0,0.0,0.0,0.0,0.0,0.0,0.0,0.0,0.0,1.0,1.0,0.0,0.0,0.0,0.0,0.0,0.0,0.0,0.0,0.0,0.0,0.0,0.0,0.0,0.0,1.0,1.0,0.0,0.0,0.0,0.0,0.0,0.0,1.0,1.0,0.0,0.0,1.0,1.0,0.0,0.0,0.0,0.0,0.0,0.0,0.0,0.0,0.0,0.0,0.0,0.0,0.0,0.0,1.0,0.0,0.0
27,231,"Dunphy, L.",2015,Ingested Cylindrical Batteries In An Incarcerated Male: A Caustic Tale!,Case Report,,"Department of Surgery, University Hospital","Milton Keynes, UK",10.1136/bcr-2014-208922,Y,N,,,1.0,37.0,37.0,37.0,37.0,1.0,1.0,0.0,0.0,0.0,0.0,1.0,1.0,0.0,0.0,0.0,0.0,0.0,0.0,1.0,1.0,0.0,0.0,1.0,1.0,1.0,1.0,0.0,0.0,1.0,1.0,0.0,0.0,1.0,1.0,0.0,0.0,0.0,0.0,0.0,0.0,0.0,0.0,0.0,0.0,0.0,0.0,1.0,1.0,0.0,0.0,1.0,1.0,0.0,0.0,1.0,1.0,0.0,0.0,0.0,0.0,1.0,1.0,0.0,0.0,0.0,0.0,0.0,0.0,1.0,1.0,0.0,0.0,0.0,0.0,1.0,0.0,0.0
28,238,"Yildiz, I.",2016,Tendency To Ingest Foreign Bodies In Mentally Retarded Patients: A Case With Ileal Perforation Caused By The Ingestion Of A Teaspoon,Case Report,,"Department of General Surgery, Suleyman Demirel University School of Medicine","Isparta, Turkey",10.1155/2016/8075432,Y,N,,,1.0,29.0,29.0,29.0,29.0,0.0,0.0,1.0,1.0,0.0,0.0,0.0,0.0,0.0,0.0,0.0,0.0,0.0,0.0,1.0,1.0,1.0,1.0,1.0,1.0,0.0,0.0,0.0,0.0,0.0,0.0,0.0,0.0,0.0,0.0,1.0,1.0,1.0,1.0,1.0,1.0,0.0,0.0,0.0,0.0,1.0,1.0,1.0,1.0,0.0,0.0,0.0,0.0,0.0,0.0,0.0,0.0,0.0,0.0,0.0,0.0,1.0,1.0,0.0,0.0,1.0,1.0,1.0,1.0,0.0,0.0,0.0,0.0,0.0,0.0,1.0,0.0,0.0
29,256,"Brezean, I.",2016,Self-Harm In The Prison System,Retrospective Chart Review,Largest Prison Hospital in Romania,Dr.I.Cantacuzino Hospital,"Bucharest, Romania",10.4323/rjlm.2016.194,Y,N,,,,,,,,0.0,0.0,0.0,0.0,0.0,0.0,0.0,0.0,0.0,0.0,0.0,0.0,0.0,0.0,0.0,0.0,0.0,0.0,0.0,0.0,0.0,0.0,0.0,0.0,0.0,0.0,0.0,0.0,0.0,0.0,0.0,0.0,0.0,0.0,0.0,0.0,0.0,0.0,0.0,0.0,0.0,0.0,0.0,0.0,0.0,0.0,0.0,0.0,0.0,0.0,0.0,0.0,0.0,0.0,0.0,0.0,0.0,0.0,0.0,0.0,0.0,0.0,0.0,0.0,0.0,0.0,0.0,0.0,0.0,0.0,0.0,0.0,0.0
30,260,"Peixoto, A.",2017,Gastrointestinal: Voluntary Padlock Ingestion,Case Report,,"Gastroenterology Department, Centro Hospitalar de São João, and †Oporto WGO Training Center, Porto Medical School","Porto, Portugal",10.1111/jgh.13828,Y,N,,,1.0,22.0,22.0,22.0,22.0,0.0,0.0,1.0,1.0,0.0,0.0,0.0,0.0,0.0,0.0,0.0,0.0,0.0,0.0,1.0,1.0,1.0,1.0,0.0,0.0,0.0,0.0,0.0,0.0,0.0,0.0,0.0,0.0,0.0,0.0,1.0,1.0,1.0,1.0,1.0,1.0,0.0,0.0,0.0,0.0,0.0,0.0,1.0,1.0,0.0,0.0,0.0,0.0,0.0,0.0,1.0,1.0,0.0,0.0,1.0,1.0,0.0,0.0,0.0,0.0,0.0,0.0,0.0,0.0,0.0,0.0,0.0,0.0,0.0,0.0,1.0,0.0,0.0
31,261,"Senussi, N.",2017,Ingestion Of Computer Circuit Boards Causing Esophageal Impaction And Small Bowel Obstruction,Case Report,,"Digestive Disease and Surgery Institute, Cleveland Clinic, Cleveland, Ohio","Cleveland, OH, USA",,Y,N,,,1.0,48.0,48.0,48.0,48.0,1.0,1.0,0.0,0.0,0.0,0.0,0.0,0.0,1.0,1.0,0.0,0.0,0.0,0.0,1.0,1.0,0.0,0.0,0.0,0.0,0.0,0.0,0.0,0.0,1.0,1.0,0.0,0.0,1.0,1.0,0.0,0.0,0.0,0.0,0.0,0.0,0.0,0.0,0.0,0.0,0.0,0.0,1.0,1.0,0.0,0.0,1.0,1.0,0.0,0.0,1.0,1.0,0.0,0.0,1.0,1.0,1.0,1.0,0.0,0.0,1.0,1.0,0.0,0.0,0.0,0.0,1.0,1.0,0.0,0.0,1.0,1.0,1.0
32,266,"Volpi, A.",2017,Ingestion Of Foreign Bodies Among Prisoners: A Ten Years Retrospective Study At University Hospital Of Southern Italy,Retrospective Chart Review,"Single centre study, all prisoner population. Mixed incarcerated and detained immigrants.",University Hospital of Bari,"Bari, Italy",,Y,N,,,,,,,,0.0,0.0,0.0,0.0,0.0,0.0,0.0,0.0,0.0,0.0,0.0,0.0,0.0,0.0,0.0,0.0,0.0,0.0,0.0,0.0,0.0,0.0,0.0,0.0,0.0,0.0,0.0,0.0,0.0,0.0,0.0,0.0,0.0,0.0,0.0,0.0,0.0,0.0,0.0,0.0,0.0,0.0,0.0,0.0,0.0,0.0,0.0,0.0,0.0,0.0,0.0,0.0,0.0,0.0,0.0,0.0,0.0,0.0,0.0,0.0,0.0,0.0,0.0,0.0,0.0,0.0,0.0,0.0,0.0,0.0,0.0,0.0,0.0
33,273,"Chahine, E.",2017,Recurrent Gastric Metal Bezoar: A Rare Cause Of Gastric Outlet Obstruction,Case Report,,"Digestive and Minimally Invasive surgery, Centre Hospitalier Intercommunal de poissy/saintGermain-en-Laye","Poissy, France",10.1136/bcr-2017-221928,Y,N,,,1.0,52.0,52.0,52.0,52.0,1.0,1.0,0.0,0.0,0.0,0.0,0.0,0.0,0.0,0.0,0.0,0.0,0.0,0.0,1.0,1.0,0.0,0.0,0.0,0.0,0.0,0.0,0.0,0.0,1.0,1.0,0.0,0.0,1.0,1.0,0.0,0.0,0.0,0.0,0.0,0.0,0.0,0.0,0.0,0.0,0.0,0.0,1.0,1.0,1.0,1.0,1.0,1.0,0.0,0.0,1.0,1.0,1.0,1.0,0.0,0.0,1.0,1.0,0.0,0.0,1.0,1.0,1.0,1.0,0.0,0.0,1.0,1.0,0.0,0.0,1.0,0.0,0.0
34,274,"Chang, W. J.",2017,Gastric Foreign Body: A Comb,Case Report,,"Division of General Surgery, Department of Surgery, Kaohsiung Armed Forces General Hospital","Kaohsiung, Taiwan",10.1002/ccr3.957,Y,N,,,1.0,38.0,38.0,38.0,38.0,0.0,0.0,1.0,1.0,0.0,0.0,0.0,0.0,0.0,0.0,0.0,0.0,0.0,0.0,1.0,1.0,0.0,0.0,0.0,0.0,1.0,1.0,0.0,0.0,0.0,0.0,0.0,0.0,0.0,0.0,0.0,0.0,0.0,0.0,0.0,0.0,0.0,0.0,0.0,0.0,1.0,1.0,1.0,1.0,0.0,0.0,0.0,0.0,0.0,0.0,0.0,0.0,0.0,0.0,1.0,1.0,1.0,1.0,0.0,0.0,0.0,0.0,0.0,0.0,0.0,0.0,0.0,0.0,0.0,0.0,1.0,1.0,1.0
35,278,"Gardner, A.W.",2017,Double Duodenal Perforation Following Foreign Body Ingestion,Case Report,,"Department of General Surgery, aneurin Bevan University Health Board","Newport, UK",10.1136/bcr-2017223182,Y,N,,,1.0,27.0,27.0,27.0,27.0,1.0,1.0,0.0,0.0,0.0,0.0,0.0,0.0,0.0,0.0,1.0,1.0,0.0,0.0,0.0,0.0,0.0,0.0,0.0,0.0,0.0,0.0,1.0,1.0,0.0,0.0,0.0,0.0,0.0,0.0,0.0,0.0,0.0,0.0,0.0,0.0,0.0,0.0,0.0,0.0,1.0,1.0,1.0,1.0,0.0,0.0,0.0,0.0,0.0,0.0,0.0,0.0,0.0,0.0,1.0,1.0,1.0,1.0,0.0,0.0,1.0,1.0,1.0,1.0,0.0,0.0,0.0,0.0,0.0,0.0,1.0,1.0,1.0
36,288,"Tanimoto, C.",2018,Self-Harm And Suicide Attempts In A Japanese Psychiatric Hospital,Retrospective Chart Review,Single centre,Psychiatric Hospital,Japan,10.12809/eaap181732,Y,N,,,,,,,,0.0,0.0,0.0,0.0,0.0,0.0,0.0,0.0,0.0,0.0,0.0,0.0,0.0,0.0,0.0,0.0,0.0,0.0,0.0,0.0,0.0,0.0,0.0,0.0,0.0,0.0,0.0,0.0,0.0,0.0,0.0,0.0,0.0,0.0,0.0,0.0,0.0,0.0,0.0,0.0,0.0,0.0,0.0,0.0,0.0,0.0,0.0,0.0,0.0,0.0,0.0,0.0,0.0,0.0,0.0,0.0,0.0,0.0,0.0,0.0,0.0,0.0,0.0,0.0,0.0,0.0,0.0,0.0,0.0,0.0,0.0,0.0,0.0
37,292,"Galdino Riva, C.",2018,Unusual Foreign Body Impacted In The Upper Oesophagus: Original Technique For Transoral Extraction,Case Report,,,,,Y,N,,,1.0,27.0,27.0,27.0,27.0,1.0,1.0,0.0,0.0,0.0,0.0,0.0,0.0,0.0,0.0,0.0,0.0,0.0,0.0,0.0,0.0,0.0,0.0,0.0,0.0,0.0,0.0,0.0,0.0,0.0,0.0,1.0,1.0,0.0,0.0,0.0,0.0,0.0,0.0,0.0,0.0,0.0,0.0,0.0,0.0,0.0,0.0,1.0,1.0,0.0,0.0,0.0,0.0,0.0,0.0,1.0,1.0,0.0,0.0,1.0,1.0,0.0,0.0,0.0,0.0,0.0,0.0,0.0,0.0,0.0,0.0,0.0,0.0,0.0,0.0,1.0,0.0,0.0
38,300,"Cui, J.",2018,Ingested Razor Blades Within The Appendix: A Rare Case Report,Case Report,,"General Surgical Department, Caboolture Hospital,","Caboolture, QLD, Australia",10.1016/j.ijscr.2018.03.018,Y,N,,,1.0,25.0,25.0,25.0,25.0,1.0,1.0,0.0,0.0,0.0,0.0,1.0,1.0,0.0,0.0,0.0,0.0,0.0,0.0,1.0,1.0,0.0,0.0,1.0,1.0,0.0,0.0,0.0,0.0,0.0,0.0,0.0,0.0,1.0,1.0,0.0,0.0,0.0,0.0,0.0,0.0,0.0,0.0,0.0,0.0,0.0,0.0,0.0,0.0,1.0,1.0,1.0,1.0,0.0,0.0,1.0,1.0,1.0,1.0,0.0,0.0,1.0,1.0,0.0,0.0,1.0,1.0,0.0,0.0,0.0,0.0,1.0,1.0,0.0,0.0,1.0,0.0,0.0
39,307,"Robertson, A.R.",2019,Self-Harm By Sharp Foreign Body Ingestion,Retrospective Chart Review,Mixed population of intentional and non-intentional ingestions who underwent endoscopy following ingestion. ,"Department of Gastroenterology, Royal Infirmary of Edinburgh","Edinburgh, UK",10.1111/sltb.12474,Y,N,,,,,,,,0.0,0.0,0.0,0.0,0.0,0.0,0.0,0.0,0.0,0.0,0.0,0.0,0.0,0.0,0.0,0.0,0.0,0.0,0.0,0.0,0.0,0.0,0.0,0.0,0.0,0.0,0.0,0.0,0.0,0.0,0.0,0.0,0.0,0.0,0.0,0.0,0.0,0.0,0.0,0.0,0.0,0.0,0.0,0.0,0.0,0.0,0.0,0.0,0.0,0.0,0.0,0.0,0.0,0.0,0.0,0.0,0.0,0.0,0.0,0.0,0.0,0.0,0.0,0.0,0.0,0.0,0.0,0.0,0.0,0.0,0.0,0.0,0.0
40,311,"Thapa, N.",2019,"Ingestion Of Bell Clappers By A Shaman In Jumla, Nepal: A Case Report",Case Report,,"Department of General Practice and Emergency Medicine, Karnali Academy of Health Sciences","Jumla, Nepal",,Y,N,,,1.0,47.0,47.0,47.0,47.0,1.0,1.0,0.0,0.0,0.0,0.0,0.0,0.0,0.0,0.0,0.0,0.0,1.0,1.0,0.0,0.0,0.0,0.0,1.0,1.0,0.0,0.0,0.0,0.0,0.0,0.0,1.0,1.0,0.0,0.0,0.0,0.0,0.0,0.0,0.0,0.0,0.0,0.0,0.0,0.0,1.0,1.0,1.0,1.0,0.0,0.0,1.0,1.0,0.0,0.0,0.0,0.0,0.0,0.0,0.0,0.0,1.0,1.0,0.0,0.0,1.0,1.0,1.0,1.0,1.0,1.0,0.0,0.0,0.0,0.0,1.0,0.0,0.0
41,312,"Tromans, S.",2019,Deliberate Ingestion Of Foreign Bodies As A Form Of Self-Harm Among Inpatients Within Forensic Mental Health And Intellectual Disability Services,Retrospective Chart Review,two inpatient forensic mental health services in the East of England,,"England, UK",10.1080/14789949.2018.1530287,Y,N,,,,,,,,0.0,0.0,0.0,0.0,0.0,0.0,0.0,0.0,0.0,0.0,0.0,0.0,0.0,0.0,0.0,0.0,0.0,0.0,0.0,0.0,0.0,0.0,0.0,0.0,0.0,0.0,0.0,0.0,0.0,0.0,0.0,0.0,0.0,0.0,0.0,0.0,0.0,0.0,0.0,0.0,0.0,0.0,0.0,0.0,0.0,0.0,0.0,0.0,0.0,0.0,0.0,0.0,0.0,0.0,0.0,0.0,0.0,0.0,0.0,0.0,0.0,0.0,0.0,0.0,0.0,0.0,0.0,0.0,0.0,0.0,0.0,0.0,0.0
42,314,"Kumar, R.",2019,Intentional Foreign Body Ingestion,Case Report,,"Department of Surgery, SLBS Medical College","Mandi, HP, India",10.1007/s11739-019-02183-4,Y,N,,,,,,,,0.0,0.0,0.0,0.0,0.0,0.0,0.0,0.0,0.0,0.0,0.0,0.0,0.0,0.0,0.0,0.0,0.0,0.0,0.0,0.0,0.0,0.0,0.0,0.0,0.0,0.0,0.0,0.0,0.0,0.0,0.0,0.0,0.0,0.0,0.0,0.0,0.0,0.0,0.0,0.0,0.0,0.0,0.0,0.0,0.0,0.0,0.0,0.0,0.0,0.0,0.0,0.0,0.0,0.0,0.0,0.0,0.0,0.0,0.0,0.0,0.0,0.0,0.0,0.0,0.0,0.0,0.0,0.0,0.0,0.0,0.0,0.0,0.0
43,319,"Jehangir, M.",2019,Digital Tomosynthesis For Detection Of Ingested Foreign Objects In The Emergency Department: A Case Of Razor Blade Ingestion,Case Report,,"Harborview Medical Center, University of Washington,","Seattle, WA, USA",10.1007/s10140-018-01664-x,Y,N,,,1.0,46.0,46.0,46.0,46.0,1.0,1.0,0.0,0.0,0.0,0.0,0.0,0.0,0.0,0.0,0.0,0.0,0.0,0.0,1.0,1.0,0.0,0.0,1.0,1.0,0.0,0.0,0.0,0.0,1.0,1.0,0.0,0.0,0.0,0.0,0.0,0.0,0.0,0.0,0.0,0.0,0.0,0.0,0.0,0.0,0.0,0.0,1.0,1.0,1.0,1.0,1.0,1.0,0.0,0.0,1.0,1.0,1.0,1.0,1.0,1.0,0.0,0.0,0.0,0.0,0.0,0.0,0.0,0.0,0.0,0.0,0.0,0.0,0.0,0.0,1.0,0.0,0.0
44,321,"Ashman, A.",2019,Managing Repeated Deliberate Foreign Body Ingestion,Extended Case Report,"Single psychiatric patient, multiple, repeated ingestions.",John Radcliffe Hospital,"Oxford, UK",10.12968/hmed.2019.80.9.546,Y,N,,,,,,,,0.0,0.0,0.0,0.0,0.0,0.0,0.0,0.0,0.0,0.0,0.0,0.0,0.0,0.0,0.0,0.0,0.0,0.0,0.0,0.0,0.0,0.0,0.0,0.0,0.0,0.0,0.0,0.0,0.0,0.0,0.0,0.0,0.0,0.0,0.0,0.0,0.0,0.0,0.0,0.0,0.0,0.0,0.0,0.0,0.0,0.0,0.0,0.0,0.0,0.0,0.0,0.0,0.0,0.0,0.0,0.0,0.0,0.0,0.0,0.0,0.0,0.0,0.0,0.0,0.0,0.0,0.0,0.0,0.0,0.0,0.0,0.0,0.0
45,322,"Benoist, L.B.L.",2019,A Jackass And A Fish: A Case Of Life-Threatening Intentional Ingestion Of A Live Pet Catfish Corydoras Aeneus,Case Report,,"Department of Otorhinolaryngology and Head and Neck Surgery, Erasmus University Medical Center,","Rotterdamn, NL",10.1080/23772484.2018.1555436,Y,N,,,1.0,28.0,28.0,28.0,28.0,1.0,1.0,0.0,0.0,0.0,0.0,0.0,0.0,0.0,0.0,0.0,0.0,1.0,1.0,0.0,0.0,0.0,0.0,0.0,0.0,0.0,0.0,0.0,0.0,0.0,0.0,1.0,1.0,0.0,0.0,0.0,0.0,0.0,0.0,0.0,0.0,0.0,0.0,0.0,0.0,0.0,0.0,0.0,0.0,1.0,1.0,0.0,0.0,0.0,0.0,1.0,1.0,1.0,1.0,1.0,1.0,0.0,0.0,0.0,0.0,1.0,1.0,0.0,0.0,1.0,1.0,1.0,1.0,0.0,0.0,1.0,0.0,0.0
46,327,"Gollol-Raju, N.S.",2019,Nonsurgical Management Of An Embedded Metal Clip In Sigmoid Colon Causing Perforation And Abscess,,,"Division of Gastroenterology, Vidant Medical Center, East Carolina University","Greenville, NC, USA",10.14309/crj.0000000000000032,Y,N,,,1.0,42.0,42.0,42.0,42.0,1.0,1.0,0.0,0.0,0.0,0.0,1.0,1.0,0.0,0.0,0.0,0.0,0.0,0.0,1.0,1.0,0.0,0.0,1.0,1.0,0.0,0.0,0.0,0.0,0.0,0.0,0.0,0.0,1.0,1.0,0.0,0.0,0.0,0.0,0.0,0.0,0.0,0.0,0.0,0.0,1.0,1.0,1.0,1.0,1.0,1.0,0.0,0.0,1.0,1.0,0.0,0.0,0.0,0.0,1.0,1.0,0.0,0.0,0.0,0.0,1.0,1.0,1.0,1.0,0.0,0.0,1.0,1.0,0.0,0.0,1.0,0.0,0.0
47,328,"Guinan, D.",2019,Intentional Foreign Body Ingestion: A Complex Case Of Pica,Case Report,,West Virginia University Department of Behavioral Medicine and Psychiatry,"West Virginia, USA",10.1155/2019/7026815,Y,N,,,1.0,39.0,39.0,39.0,39.0,1.0,1.0,0.0,0.0,0.0,0.0,0.0,0.0,0.0,0.0,0.0,0.0,0.0,0.0,1.0,1.0,0.0,0.0,1.0,1.0,0.0,0.0,0.0,0.0,1.0,1.0,0.0,0.0,0.0,0.0,1.0,1.0,1.0,1.0,0.0,0.0,0.0,0.0,0.0,0.0,0.0,0.0,1.0,1.0,1.0,1.0,1.0,1.0,0.0,0.0,1.0,1.0,1.0,1.0,1.0,1.0,0.0,0.0,0.0,0.0,0.0,0.0,0.0,0.0,0.0,0.0,0.0,0.0,0.0,0.0,1.0,0.0,0.0
48,333,"Mohammed, A.A.",2020,Ingestion Of Huge Number Of Metallic Nails Impacted In The Stomach And Cecum In A Mentally Abnormal Woman: Case Report,Case Report,,"Department of Surgery, College of Medicine, University of Duhok, Azadi Teaching Hospital","Duhok, Kurdistan, Iraq",,Y,N,,,1.0,37.0,37.0,37.0,37.0,0.0,0.0,1.0,1.0,0.0,0.0,0.0,0.0,0.0,0.0,0.0,0.0,0.0,0.0,1.0,1.0,0.0,0.0,0.0,0.0,0.0,0.0,0.0,0.0,0.0,0.0,0.0,0.0,1.0,1.0,0.0,0.0,0.0,0.0,0.0,0.0,0.0,0.0,0.0,0.0,0.0,0.0,0.0,0.0,1.0,1.0,1.0,1.0,0.0,0.0,1.0,1.0,1.0,1.0,0.0,0.0,1.0,1.0,0.0,0.0,1.0,1.0,1.0,1.0,0.0,0.0,0.0,0.0,0.0,0.0,1.0,0.0,0.0
49,336,"Wang, K.",2020,Multicenter Investigation Of Pediatric Gastrointestinal Tract Magnets Ingestion In China,Retrospective Chart Review,"Aged under 18 with buckyball magnet ingestion from 9 large Chinese hospitals, among which 8 were pediatric hospitals","9 large Chinese hospitals, among which 8 were pediatric hospitals",China,10.1186/s12887-020-1990-9,Y,N,,,,,,,,0.0,0.0,0.0,0.0,0.0,0.0,0.0,0.0,0.0,0.0,0.0,0.0,0.0,0.0,0.0,0.0,0.0,0.0,0.0,0.0,0.0,0.0,0.0,0.0,0.0,0.0,0.0,0.0,0.0,0.0,0.0,0.0,0.0,0.0,0.0,0.0,0.0,0.0,0.0,0.0,0.0,0.0,0.0,0.0,0.0,0.0,0.0,0.0,0.0,0.0,0.0,0.0,0.0,0.0,0.0,0.0,0.0,0.0,0.0,0.0,0.0,0.0,0.0,0.0,0.0,0.0,0.0,0.0,0.0,0.0,0.0,0.0,0.0
50,342,"Zong, Y.",2020,Differences Between Intentional And Accidental Ingestion Of Foreign Body In China,,Consecutive adult patients with suspected FBs referred to the Digestive Endoscopy Center of Beijing Friendship Hospital were included in the study from January 2011 to January 2019.,Digestive Endoscopy Center of Beijing Friendship Hospital ,"Beijing, China",10.1186/s12876-020-01224-z,Y,N,,,,,,,,0.0,0.0,0.0,0.0,0.0,0.0,0.0,0.0,0.0,0.0,0.0,0.0,0.0,0.0,0.0,0.0,0.0,0.0,0.0,0.0,0.0,0.0,0.0,0.0,0.0,0.0,0.0,0.0,0.0,0.0,0.0,0.0,0.0,0.0,0.0,0.0,0.0,0.0,0.0,0.0,0.0,0.0,0.0,0.0,0.0,0.0,0.0,0.0,0.0,0.0,0.0,0.0,0.0,0.0,0.0,0.0,0.0,0.0,0.0,0.0,0.0,0.0,0.0,0.0,0.0,0.0,0.0,0.0,0.0,0.0,0.0,0.0,0.0
51,345,"Low Kapalu, C.M.",2020,Pediatric Recurrent Intentional Foreign Body Ingestion: Case Series And Review Of The Literature,Prospective Case Series,,Paediatric tertiary care hospital,"Kansas City, MO.",10.1097/MPG.0000000000002757,N,N,,,,,,,,0.0,0.0,0.0,0.0,0.0,0.0,0.0,0.0,0.0,0.0,0.0,0.0,0.0,0.0,0.0,0.0,0.0,0.0,0.0,0.0,0.0,0.0,0.0,0.0,0.0,0.0,0.0,0.0,0.0,0.0,0.0,0.0,0.0,0.0,0.0,0.0,0.0,0.0,0.0,0.0,0.0,0.0,0.0,0.0,0.0,0.0,0.0,0.0,0.0,0.0,0.0,0.0,0.0,0.0,0.0,0.0,0.0,0.0,0.0,0.0,0.0,0.0,0.0,0.0,0.0,0.0,0.0,0.0,0.0,0.0,0.0,0.0,0.0
52,348,"Al-Faham, F.S.M.",2020,The Largest Esophageal Foreign Body In Adults: A Case Report,Case Report,,"Department of Surgery, College of Medicine, Kerbala University,","Kerbala City, Iraq",10.1016/j.amsu.2020.04.039,Y,N,,,1.0,42.0,42.0,42.0,42.0,1.0,1.0,0.0,0.0,0.0,0.0,0.0,0.0,0.0,0.0,0.0,0.0,0.0,0.0,0.0,0.0,0.0,0.0,0.0,0.0,1.0,1.0,0.0,0.0,1.0,1.0,0.0,0.0,0.0,0.0,0.0,0.0,0.0,0.0,0.0,0.0,0.0,0.0,0.0,0.0,1.0,1.0,1.0,1.0,0.0,0.0,0.0,0.0,0.0,0.0,0.0,0.0,0.0,0.0,0.0,0.0,1.0,1.0,0.0,0.0,0.0,0.0,0.0,0.0,0.0,0.0,0.0,0.0,0.0,0.0,1.0,0.0,0.0
53,349,"Ali, A.",2020,A Child With A Gastrocolic Fistula After Ingesting Magnets: An Unusual Complication,Case Report,,"Pediatric Surgery, Salmaniya Medical Complex,","Manama, Bahrain",10.7759/cureus.9336,Y,N,,,1.0,9.0,9.0,9.0,9.0,0.0,0.0,1.0,1.0,0.0,0.0,0.0,0.0,0.0,0.0,0.0,0.0,0.0,0.0,1.0,1.0,0.0,0.0,0.0,0.0,0.0,0.0,0.0,0.0,1.0,1.0,0.0,0.0,0.0,0.0,1.0,1.0,1.0,1.0,0.0,0.0,0.0,0.0,1.0,1.0,0.0,0.0,0.0,0.0,0.0,0.0,1.0,1.0,0.0,0.0,1.0,1.0,0.0,0.0,0.0,0.0,1.0,1.0,0.0,0.0,1.0,1.0,0.0,0.0,0.0,0.0,1.0,1.0,0.0,0.0,1.0,0.0,0.0
54,353,"Carius, B.M.",2020,Sharp Object In The Belly: A Case Of Pediatric Intentional Razor Blade Ingestion In The Emergency Department,Case Report,,"Emergency Medicine, Brian D. Allgood Army Community Hospital,","Camp Humphreys, Korea",10.7759/cureus.7699,Y,N,,,1.0,17.0,17.0,17.0,17.0,0.0,0.0,1.0,1.0,0.0,0.0,0.0,0.0,0.0,0.0,0.0,0.0,0.0,0.0,0.0,0.0,0.0,0.0,1.0,1.0,0.0,0.0,0.0,0.0,0.0,0.0,0.0,0.0,1.0,1.0,0.0,0.0,0.0,0.0,0.0,0.0,0.0,0.0,0.0,0.0,0.0,0.0,0.0,0.0,1.0,1.0,0.0,0.0,0.0,0.0,1.0,1.0,1.0,1.0,0.0,0.0,0.0,0.0,0.0,0.0,0.0,0.0,0.0,0.0,0.0,0.0,0.0,0.0,1.0,1.0,1.0,0.0,0.0
55,356,,2020,Repetitive Sharps Ingestion And Challenges With Retrieval And Prevention,,,,,,N,N,,,,,,,,0.0,0.0,0.0,0.0,0.0,0.0,0.0,0.0,0.0,0.0,0.0,0.0,0.0,0.0,0.0,0.0,0.0,0.0,0.0,0.0,0.0,0.0,0.0,0.0,0.0,0.0,0.0,0.0,0.0,0.0,0.0,0.0,0.0,0.0,0.0,0.0,0.0,0.0,0.0,0.0,0.0,0.0,0.0,0.0,0.0,0.0,0.0,0.0,0.0,0.0,0.0,0.0,0.0,0.0,0.0,0.0,0.0,0.0,0.0,0.0,0.0,0.0,0.0,0.0,0.0,0.0,0.0,0.0,0.0,0.0,0.0,0.0,0.0
56,359,"Hernandez, P.V.",2020,Removal Of A Large Stone In¬†The Upper Thoracic Esophagus,Case Report,,From the Division of Gastroenterology and Hepatology Mayo Clinic,"Scottsdale, Arizona, USA",10.1016/j.mayocpiqo.2019.10.005,Y,N,,,1.0,34.0,34.0,34.0,34.0,1.0,1.0,0.0,0.0,0.0,0.0,1.0,1.0,0.0,0.0,0.0,0.0,0.0,0.0,0.0,0.0,0.0,0.0,0.0,0.0,0.0,0.0,0.0,0.0,0.0,0.0,0.0,0.0,1.0,1.0,0.0,0.0,0.0,0.0,0.0,0.0,0.0,0.0,0.0,0.0,0.0,0.0,1.0,1.0,0.0,0.0,0.0,0.0,0.0,0.0,1.0,1.0,0.0,0.0,1.0,1.0,0.0,0.0,0.0,0.0,0.0,0.0,0.0,0.0,1.0,1.0,0.0,0.0,0.0,0.0,1.0,0.0,0.0
57,360,"Salazar, J.A.D.",2020,"Ingestion Of Razor Blades, A Rare Event: A Case Report In A Psychiatric Patient",,,PUCE,"Quito, Ecuador",10.1093/jscr/rjaa094,Y,N,,,1.0,31.0,31.0,31.0,31.0,0.0,0.0,1.0,1.0,0.0,0.0,0.0,0.0,0.0,0.0,0.0,0.0,0.0,0.0,1.0,1.0,0.0,0.0,0.0,0.0,0.0,0.0,0.0,0.0,1.0,1.0,0.0,0.0,0.0,0.0,0.0,0.0,0.0,0.0,0.0,0.0,0.0,0.0,0.0,0.0,0.0,0.0,0.0,0.0,1.0,1.0,0.0,0.0,0.0,0.0,1.0,1.0,1.0,1.0,1.0,1.0,1.0,1.0,0.0,0.0,1.0,1.0,0.0,0.0,0.0,0.0,1.0,1.0,0.0,0.0,1.0,1.0,1.0
58,369,"Tavallaei, M.",2021,Intentional Ingestion Of A Metallic Wire Causing Perforation And Retroperitoneal Abscess: A Case Report,Case Report,,"Department of Surgery, School of Medicine, Alborz University of Medical Sciences","Karaj, Iran",10.1177/1179547621102591,Y,N,,,1.0,34.0,34.0,34.0,34.0,1.0,1.0,0.0,0.0,0.0,0.0,0.0,0.0,0.0,0.0,0.0,0.0,0.0,0.0,1.0,1.0,0.0,0.0,0.0,0.0,0.0,0.0,0.0,0.0,0.0,0.0,0.0,0.0,1.0,1.0,0.0,0.0,0.0,0.0,0.0,0.0,0.0,0.0,0.0,0.0,1.0,1.0,1.0,1.0,1.0,1.0,0.0,0.0,1.0,1.0,0.0,0.0,0.0,0.0,0.0,0.0,1.0,1.0,0.0,0.0,1.0,1.0,1.0,1.0,0.0,0.0,1.0,1.0,0.0,0.0,1.0,0.0,0.0
59,370,"Udemgba, C.",2021,A Case Report Of An Unusual Left Atrial Mass,Case Report,,"Cardiovascular Center, University of Florida Health Jacksonville,","Jacksonville, Florida, USA",10.1093/ehjcr/ytaa500,Y,N,,,1.0,28.0,28.0,28.0,28.0,0.0,0.0,1.0,1.0,0.0,0.0,0.0,0.0,0.0,0.0,0.0,0.0,0.0,0.0,1.0,1.0,0.0,0.0,1.0,1.0,0.0,0.0,0.0,0.0,0.0,0.0,0.0,0.0,1.0,1.0,0.0,0.0,0.0,0.0,0.0,0.0,0.0,0.0,0.0,0.0,1.0,1.0,1.0,1.0,1.0,1.0,0.0,0.0,1.0,1.0,0.0,0.0,0.0,0.0,0.0,0.0,1.0,1.0,0.0,0.0,1.0,1.0,0.0,0.0,0.0,0.0,1.0,1.0,0.0,0.0,1.0,0.0,0.0
60,373,"Yang, L.",2021,Unusual Cervical Foreign Body - A Neglected Thermometer For 5 Years: A Case Report,Case Report,,"Department of Otolaryngology and Head & Neck Surgery, West China Hospital","Chengdu, Sichuan Province, China",10.12998/wjcc.v9.i30.9129,Y,N,,,1.0,32.0,32.0,32.0,32.0,1.0,1.0,0.0,0.0,0.0,0.0,0.0,0.0,0.0,0.0,0.0,0.0,0.0,0.0,1.0,1.0,0.0,0.0,0.0,0.0,0.0,0.0,0.0,0.0,0.0,0.0,0.0,0.0,1.0,1.0,0.0,0.0,0.0,0.0,0.0,0.0,0.0,0.0,0.0,0.0,1.0,1.0,1.0,1.0,0.0,0.0,0.0,0.0,0.0,0.0,0.0,0.0,0.0,0.0,0.0,0.0,1.0,1.0,0.0,0.0,1.0,1.0,1.0,1.0,0.0,0.0,1.0,1.0,0.0,0.0,1.0,0.0,0.0
61,375,,2021,"Intentional Foreign Body Ingestions: A Complex, Recurrent And Costly Issue",,,,,,N,N,,,,,,,,0.0,0.0,0.0,0.0,0.0,0.0,0.0,0.0,0.0,0.0,0.0,0.0,0.0,0.0,0.0,0.0,0.0,0.0,0.0,0.0,0.0,0.0,0.0,0.0,0.0,0.0,0.0,0.0,0.0,0.0,0.0,0.0,0.0,0.0,0.0,0.0,0.0,0.0,0.0,0.0,0.0,0.0,0.0,0.0,0.0,0.0,0.0,0.0,0.0,0.0,0.0,0.0,0.0,0.0,0.0,0.0,0.0,0.0,0.0,0.0,0.0,0.0,0.0,0.0,0.0,0.0,0.0,0.0,0.0,0.0,0.0,0.0,0.0
62,377,"Li, X.",2021,Intestinal Perforation By Ingested Foreign Bodies,,,"Department of General Surgery, Tongji Hospital, Tongji University School of Medicine,","Shanghai, China",10.9738/INTSURG-D-15-00303.1,Y,N,,,4.0,4.0,50.0,28.75,30.5,3.0,0.75,1.0,0.25,0.0,0.0,0.0,0.0,0.0,0.0,0.0,0.0,0.0,0.0,0.0,0.0,0.0,0.0,0.0,0.0,0.0,0.0,0.0,0.0,0.0,0.0,0.0,0.0,4.0,1.0,0.0,0.0,0.0,0.0,0.0,0.0,0.0,0.0,0.0,0.0,1.0,0.25,1.0,0.25,3.0,0.75,1.0,0.25,0.0,0.0,1.0,0.25,1.0,0.25,0.0,0.0,4.0,1.0,0.0,0.0,4.0,1.0,4.0,1.0,0.0,0.0,0.0,0.0,0.0,0.0,4.0,0.0,0.0
63,380,"Al-Shaaibi, R.",2021,Laparoscopic Retrieval Of Ingested Foreign Body,Case Report,,"General Surgery, Royal Hospital","Muscat, Oman",10.5001/omj.2021.35,Y,N,,,1.0,15.0,15.0,15.0,15.0,0.0,0.0,1.0,1.0,0.0,0.0,0.0,0.0,0.0,0.0,0.0,0.0,0.0,0.0,1.0,1.0,0.0,0.0,0.0,0.0,1.0,1.0,0.0,0.0,0.0,0.0,0.0,0.0,0.0,0.0,0.0,0.0,0.0,0.0,0.0,0.0,0.0,0.0,0.0,0.0,1.0,1.0,1.0,1.0,1.0,1.0,0.0,0.0,1.0,1.0,0.0,0.0,0.0,0.0,0.0,0.0,1.0,1.0,0.0,0.0,0.0,0.0,0.0,0.0,0.0,0.0,1.0,1.0,0.0,0.0,1.0,0.0,0.0
64,382,"Kotha, S.",2021,Crying Wolf: The Danger Of Recurrent Intentional Foreign Body Ingestion,Case Report,,"Department of Gastroenterology, Guy’s and St Thomas’ Hospitals NHS Trust","London, UK",10.1136/flgastro-2021-101888,Y,N,,,2.0,,,,,2.0,1.0,0.0,0.0,0.0,0.0,0.0,0.0,0.0,0.0,0.0,0.0,0.0,0.0,0.0,0.0,0.0,0.0,1.0,0.5,0.0,0.0,0.0,0.0,0.0,0.0,0.0,0.0,0.0,0.0,0.0,0.0,0.0,0.0,0.0,0.0,1.0,0.5,0.0,0.0,0.0,0.0,2.0,1.0,0.0,0.0,0.0,0.0,0.0,0.0,2.0,1.0,0.0,0.0,2.0,1.0,0.0,0.0,0.0,0.0,1.0,0.5,0.0,0.0,0.0,0.0,1.0,0.5,0.0,0.0,2.0,0.0,0.0
65,386,"Dines, J.T.",2021,Chronic Intentional Chicken Bone Ingestion Mimicking Inflammatory Bowel Disease,Case Report,,"Internal Medicine, Naval Medical Center Portsmouth","Portsmouth, Virginia, USA",10.1136/bcr-2020239022,Y,N,,,1.0,23.0,23.0,23.0,23.0,1.0,1.0,0.0,0.0,0.0,0.0,0.0,0.0,0.0,0.0,0.0,0.0,0.0,0.0,0.0,0.0,0.0,0.0,1.0,1.0,0.0,0.0,0.0,0.0,0.0,0.0,0.0,0.0,1.0,1.0,0.0,0.0,0.0,0.0,0.0,0.0,0.0,0.0,0.0,0.0,0.0,0.0,0.0,0.0,1.0,1.0,1.0,1.0,0.0,0.0,1.0,1.0,1.0,1.0,1.0,1.0,0.0,0.0,0.0,0.0,1.0,1.0,0.0,0.0,0.0,0.0,1.0,1.0,0.0,0.0,1.0,0.0,0.0
66,399,"Zhao, G.",2022,Unexpected Death From Hepatic Abscess 16 Months After Toothbrush Ingestion,Case Report,,"Department of Forensic Medicine, Identification Center of Forensic Medicine, Hebei Medical University, Hebei Key Laboratory of Forensic Medicine, Collaborative Innovation Center of Forensic Medical Molecular Identification","Shijiazhuang, China",10.1111/1556-4029.15079,Y,N,,,1.0,23.0,23.0,23.0,23.0,1.0,1.0,0.0,0.0,0.0,0.0,1.0,1.0,0.0,0.0,0.0,0.0,0.0,0.0,0.0,0.0,0.0,0.0,0.0,0.0,0.0,0.0,0.0,0.0,0.0,0.0,0.0,0.0,1.0,1.0,0.0,0.0,0.0,0.0,0.0,0.0,0.0,0.0,0.0,0.0,1.0,1.0,1.0,1.0,1.0,1.0,0.0,0.0,1.0,1.0,0.0,0.0,0.0,0.0,0.0,0.0,0.0,0.0,1.0,1.0,1.0,1.0,1.0,1.0,0.0,0.0,1.0,1.0,1.0,1.0,1.0,0.0,0.0
67,401,"Yadollahi, S.",2022,Endoscopic Management Of Intentional Foreign Body Ingestion: Experience From A Uk Centre,Retrospective Chart Review,,University Hospital Southampton,"Southampton, UK",10.1136/ flgastro-2021-101847,Y,N,,,,,,,,0.0,0.0,0.0,0.0,0.0,0.0,0.0,0.0,0.0,0.0,0.0,0.0,0.0,0.0,0.0,0.0,0.0,0.0,0.0,0.0,0.0,0.0,0.0,0.0,0.0,0.0,0.0,0.0,0.0,0.0,0.0,0.0,0.0,0.0,0.0,0.0,0.0,0.0,0.0,0.0,0.0,0.0,0.0,0.0,0.0,0.0,0.0,0.0,0.0,0.0,0.0,0.0,0.0,0.0,0.0,0.0,0.0,0.0,0.0,0.0,0.0,0.0,0.0,0.0,0.0,0.0,0.0,0.0,0.0,0.0,0.0,0.0,0.0
68,402,"Yang, Z.M.",2022,Unlocking Dysphagia: Intentional Ingestion Of Foreign Bodies,Case Report,,"Department of Otolaryngology—Head & Neck Surgery, Medical College of Georgia, Augusta University","Augusta, Georgia, USA",10.1177/0145561320937829,Y,N,,,1.0,37.0,37.0,37.0,37.0,1.0,1.0,0.0,0.0,0.0,0.0,1.0,1.0,0.0,0.0,0.0,0.0,0.0,0.0,1.0,1.0,0.0,0.0,1.0,1.0,0.0,0.0,0.0,0.0,0.0,0.0,0.0,0.0,1.0,1.0,0.0,0.0,0.0,0.0,0.0,0.0,0.0,0.0,0.0,0.0,0.0,0.0,1.0,1.0,0.0,0.0,0.0,0.0,0.0,0.0,1.0,1.0,0.0,0.0,1.0,1.0,0.0,0.0,0.0,0.0,1.0,1.0,0.0,0.0,1.0,1.0,0.0,0.0,0.0,0.0,1.0,0.0,0.0
69,405,"Lai, M.J.",2022,An Unusually Large Object Removed From The Upper Esophagus In A Patient With Self Harm Syndrome,Case Report,,"Division of Otolaryngology–Head and Neck Surgery, Cooper University Hospital, Three Cooper Plaza, Suite 404,","Camden, New Jersey, USA",10.1177/0145561320953707,Y,N,,,1.0,32.0,32.0,32.0,32.0,0.0,0.0,1.0,1.0,0.0,0.0,0.0,0.0,0.0,0.0,0.0,0.0,0.0,0.0,1.0,1.0,0.0,0.0,1.0,1.0,0.0,0.0,0.0,0.0,0.0,0.0,0.0,0.0,1.0,1.0,0.0,0.0,0.0,0.0,0.0,0.0,0.0,0.0,0.0,0.0,1.0,1.0,1.0,1.0,1.0,1.0,0.0,0.0,1.0,1.0,0.0,0.0,0.0,0.0,0.0,0.0,1.0,1.0,0.0,0.0,1.0,1.0,0.0,0.0,1.0,1.0,1.0,1.0,0.0,0.0,1.0,0.0,0.0
70,406,"Sharma, J.",2022,Multi-Disciplinary Approach To Managing Deliberate Foreign Body Ingestion On The Medical Floor,Case Report,,UMass-Chan Medical School,"Springfield, MA, USA",10.1016/j.jaclp.2022.10.025,Y,N,,,1.0,29.0,29.0,29.0,29.0,0.0,0.0,1.0,1.0,0.0,0.0,0.0,0.0,0.0,0.0,0.0,0.0,0.0,0.0,1.0,1.0,0.0,0.0,0.0,0.0,0.0,0.0,0.0,0.0,1.0,1.0,0.0,0.0,0.0,0.0,0.0,0.0,0.0,0.0,0.0,0.0,0.0,0.0,0.0,0.0,1.0,1.0,1.0,1.0,1.0,1.0,1.0,1.0,1.0,1.0,0.0,0.0,0.0,0.0,1.0,1.0,0.0,0.0,0.0,0.0,0.0,0.0,0.0,0.0,0.0,0.0,1.0,1.0,0.0,0.0,1.0,0.0,0.0
71,409,"Apikotoa, S.",2022,Endoscopic Foreign Body Retrieval From The Caecum - A Case Report And Push For Intervention Guidelines,Case Report,,"St John of God Hospital,","Midland, Western Australia, Australia",10.1016/j.ijscr.2022.106755,Y,N,,,1.0,36.0,36.0,36.0,36.0,1.0,1.0,0.0,0.0,0.0,0.0,1.0,1.0,0.0,0.0,0.0,0.0,0.0,0.0,1.0,1.0,0.0,0.0,1.0,1.0,0.0,0.0,0.0,0.0,1.0,1.0,0.0,0.0,0.0,0.0,0.0,0.0,0.0,0.0,0.0,0.0,0.0,0.0,0.0,0.0,0.0,0.0,1.0,1.0,1.0,1.0,1.0,1.0,0.0,0.0,1.0,1.0,1.0,1.0,1.0,1.0,0.0,0.0,0.0,0.0,0.0,0.0,0.0,0.0,0.0,0.0,1.0,1.0,0.0,0.0,1.0,0.0,0.0
72,414,"Ali, A.",2022,Endoscopic Retrieval Of An Ingested Mobile Phone From The Stomach Of A Prisoner: When Gastroenterologists Answer The Call,Case Report,,Mansoura International Hospital,"Mansoura, Egypt",10.7759/cureus.33053,Y,N,,,1.0,35.0,35.0,35.0,35.0,1.0,1.0,0.0,0.0,0.0,0.0,1.0,1.0,0.0,0.0,0.0,0.0,0.0,0.0,0.0,0.0,0.0,0.0,0.0,0.0,0.0,0.0,0.0,0.0,0.0,0.0,0.0,0.0,0.0,0.0,1.0,1.0,0.0,0.0,0.0,0.0,0.0,0.0,0.0,0.0,1.0,1.0,1.0,1.0,0.0,0.0,0.0,0.0,0.0,0.0,0.0,0.0,0.0,0.0,1.0,1.0,0.0,0.0,0.0,0.0,0.0,0.0,0.0,0.0,0.0,0.0,0.0,0.0,0.0,0.0,1.0,0.0,0.0
73,416,"Bozorgmehr, R.",2022,A Rare Case Of Abdominal Foreign Bodies; Laparoscopic Removal Of A Sewing Needle,Case Report,,"Department of Surgery Shahid Madani Hospital, Alborz University of Medical Sciences","Alborz, Iran",10.1016/j.amsu.2022.104747,Y,N,,,1.0,26.0,26.0,26.0,26.0,0.0,0.0,1.0,1.0,0.0,0.0,0.0,0.0,0.0,0.0,0.0,0.0,0.0,0.0,0.0,0.0,0.0,0.0,0.0,0.0,0.0,0.0,0.0,0.0,0.0,0.0,0.0,0.0,1.0,1.0,0.0,0.0,0.0,0.0,0.0,0.0,0.0,0.0,0.0,0.0,1.0,1.0,1.0,1.0,1.0,1.0,1.0,1.0,1.0,1.0,0.0,0.0,0.0,0.0,1.0,1.0,1.0,1.0,0.0,0.0,1.0,1.0,0.0,0.0,0.0,0.0,1.0,1.0,0.0,0.0,1.0,1.0,1.0
74,421,"Ghahremani, G.G.",2022,Accidental Or Intentional Ingestion Of Toothbrushes: Experience With 8 Adult Patients,Case Series,,"Department of Radiology, University of California-San Diego Medical Center","San Diego, California, USA",10.1007/s10140-021-02009-x,Y,N,,,5.0,22.0,44.0,29.8,28.0,3.0,0.6,1.0,0.2,1.0,0.2,1.0,0.2,1.0,0.2,0.0,0.0,0.0,0.0,3.0,0.6,1.0,0.2,2.0,0.4,1.0,0.2,0.0,0.0,3.0,0.6,0.0,0.0,1.0,0.2,0.0,0.0,0.0,0.0,0.0,0.0,0.0,0.0,0.0,0.0,3.0,0.6,3.0,0.6,0.0,0.0,2.0,0.4,0.0,0.0,2.0,0.4,0.0,0.0,2.0,0.4,4.0,0.8,0.0,0.0,3.0,0.6,0.0,0.0,0.0,0.0,2.0,0.4,0.0,0.0,5.0,1.0,0.2
75,428,"Gunes, O.",2023,Gastrointestinal System Foreign Bodies.,,,Katip Çelebi University Atatürk Training and Research Hospital,"Izmir, Turkey",10.14744/less.2023.45403,N,N,,,,,,,,0.0,0.0,0.0,0.0,0.0,0.0,0.0,0.0,0.0,0.0,0.0,0.0,0.0,0.0,0.0,0.0,0.0,0.0,0.0,0.0,0.0,0.0,0.0,0.0,0.0,0.0,0.0,0.0,0.0,0.0,0.0,0.0,0.0,0.0,0.0,0.0,0.0,0.0,0.0,0.0,0.0,0.0,0.0,0.0,0.0,0.0,0.0,0.0,0.0,0.0,0.0,0.0,0.0,0.0,0.0,0.0,0.0,0.0,0.0,0.0,0.0,0.0,0.0,0.0,0.0,0.0,0.0,0.0,0.0,0.0,0.0,0.0,0.0
76,431,"King, A.L.",2023,Surgical Management Of An Intentionally Ingested Vape Device Chronically Impacted Within The Duodenum Of An Adult Male,Case Report,,"Department of Surgery, University of North Dakota School of Medicine and Health Sciences","Grand Forks, USA",10.7759/cureus.39448,Y,N,,,1.0,36.0,36.0,36.0,36.0,1.0,1.0,0.0,0.0,0.0,0.0,0.0,0.0,0.0,0.0,0.0,0.0,0.0,0.0,1.0,1.0,0.0,0.0,0.0,0.0,0.0,0.0,0.0,0.0,0.0,0.0,0.0,0.0,1.0,1.0,0.0,0.0,0.0,0.0,0.0,0.0,0.0,0.0,0.0,0.0,1.0,1.0,1.0,1.0,0.0,0.0,0.0,0.0,0.0,0.0,0.0,0.0,0.0,0.0,1.0,1.0,1.0,1.0,0.0,0.0,1.0,1.0,0.0,0.0,0.0,0.0,1.0,1.0,0.0,0.0,1.0,1.0,1.0
77,432,"Tambakis, G.",2023,Management Of Foreign Body Ingestion In Adults: Time To Stop And Rethink Endoscopy,Retrospective Chart Review,Patients presenting with ingestion of foreign object ingestion at a tertiary hospital,Tertiary Hospital,"Melbourne, Victoria, Australia",10.1055/a-2201-6928,Y,N,,,,,,,,0.0,0.0,0.0,0.0,0.0,0.0,0.0,0.0,0.0,0.0,0.0,0.0,0.0,0.0,0.0,0.0,0.0,0.0,0.0,0.0,0.0,0.0,0.0,0.0,0.0,0.0,0.0,0.0,0.0,0.0,0.0,0.0,0.0,0.0,0.0,0.0,0.0,0.0,0.0,0.0,0.0,0.0,0.0,0.0,0.0,0.0,0.0,0.0,0.0,0.0,0.0,0.0,0.0,0.0,0.0,0.0,0.0,0.0,0.0,0.0,0.0,0.0,0.0,0.0,0.0,0.0,0.0,0.0,0.0,0.0,0.0,0.0,0.0
78,439,"Rezazadeh, A.",2023,Removing 216 Sharp Metal Foreign Objects From The Digestive Tract Of A 30-Year-Old Male: Case Report,Case Report,,"Department of Surgery, Fatemi Hospital, Ardabil University of Medical Sciences","Ardabil, Iran",10.1097/MS9.0000000000000377,Y,N,,,1.0,30.0,30.0,30.0,30.0,1.0,1.0,0.0,0.0,0.0,0.0,0.0,0.0,0.0,0.0,0.0,0.0,0.0,0.0,1.0,1.0,1.0,1.0,0.0,0.0,0.0,0.0,0.0,0.0,0.0,0.0,0.0,0.0,1.0,1.0,0.0,0.0,0.0,0.0,0.0,0.0,0.0,0.0,0.0,0.0,0.0,0.0,0.0,0.0,1.0,1.0,1.0,1.0,0.0,0.0,1.0,1.0,1.0,1.0,0.0,0.0,1.0,1.0,0.0,0.0,0.0,0.0,0.0,0.0,0.0,0.0,0.0,0.0,0.0,0.0,1.0,0.0,0.0
79,441,"Mezouari, F.A.",2023,Ingestion Of Foreign Bodies In Prisons: How Should They Be Managed: Study Of 13 Cases,Retrospective Case Series,Prisoners attended emergency department for IIFO.,Ibn Rochd University Hospital Center,"Casablanca, Morocco",10.5152/tjg.2023.101123,Y,N,,,,,,,,0.0,0.0,0.0,0.0,0.0,0.0,0.0,0.0,0.0,0.0,0.0,0.0,0.0,0.0,0.0,0.0,0.0,0.0,0.0,0.0,0.0,0.0,0.0,0.0,0.0,0.0,0.0,0.0,0.0,0.0,0.0,0.0,0.0,0.0,0.0,0.0,0.0,0.0,0.0,0.0,0.0,0.0,0.0,0.0,0.0,0.0,0.0,0.0,0.0,0.0,0.0,0.0,0.0,0.0,0.0,0.0,0.0,0.0,0.0,0.0,0.0,0.0,0.0,0.0,0.0,0.0,0.0,0.0,0.0,0.0,0.0,0.0,0.0
80,442,"Kaazan, P.",2023,Deliberate Foreign Body Ingestion In Patients With Underlying Mental Illness: A Retrospective Multicentre Study,,Patients with record of endoscopy,3 Australian Hospitals,Australia,10.1177/10398562231189431,Y,N,,,,,,,,0.0,0.0,0.0,0.0,0.0,0.0,0.0,0.0,0.0,0.0,0.0,0.0,0.0,0.0,0.0,0.0,0.0,0.0,0.0,0.0,0.0,0.0,0.0,0.0,0.0,0.0,0.0,0.0,0.0,0.0,0.0,0.0,0.0,0.0,0.0,0.0,0.0,0.0,0.0,0.0,0.0,0.0,0.0,0.0,0.0,0.0,0.0,0.0,0.0,0.0,0.0,0.0,0.0,0.0,0.0,0.0,0.0,0.0,0.0,0.0,0.0,0.0,0.0,0.0,0.0,0.0,0.0,0.0,0.0,0.0,0.0,0.0,0.0
81,443,"Divsalar, P.",2023,Repeated Intentional Swallowing Of Foreign Objects By An Adolescent Girl Case Report,Case Report,,"Afzalipour Hospital, Kerman University of Medical Sciences","Kerman, Iran",10.5812/ijhrba-134720,Y,N,,,3.0,17.0,17.0,17.0,17.0,0.0,0.0,3.0,1.0,0.0,0.0,0.0,0.0,2.0,0.6666666666666666,0.0,0.0,0.0,0.0,3.0,1.0,0.0,0.0,3.0,1.0,0.0,0.0,0.0,0.0,3.0,1.0,0.0,0.0,0.0,0.0,0.0,0.0,0.0,0.0,0.0,0.0,0.0,0.0,0.0,0.0,3.0,1.0,3.0,1.0,3.0,1.0,0.0,0.0,3.0,1.0,0.0,0.0,0.0,0.0,0.0,0.0,2.0,0.6666666666666666,0.0,0.0,1.0,0.3333333333333333,1.0,0.3333333333333333,0.0,0.0,1.0,0.3333333333333333,1.0,0.3333333333333333,3.0,0.0,0.0
82,444,"Jaini, P.A.",2023,Management Challenges Of Recurrent Foreign Body Ingestions In A Psychiatric Patient: A Case Report,Case Report,,"Department of Psychiatry, John Peter Smith Hospital","Fort Worth, Texas, USA",10.1097/PRA.0000000000000694,Y,N,,,,,,,,0.0,0.0,0.0,0.0,0.0,0.0,0.0,0.0,0.0,0.0,0.0,0.0,0.0,0.0,0.0,0.0,0.0,0.0,0.0,0.0,0.0,0.0,0.0,0.0,0.0,0.0,0.0,0.0,0.0,0.0,0.0,0.0,0.0,0.0,0.0,0.0,0.0,0.0,0.0,0.0,0.0,0.0,0.0,0.0,0.0,0.0,0.0,0.0,0.0,0.0,0.0,0.0,0.0,0.0,0.0,0.0,0.0,0.0,0.0,0.0,0.0,0.0,0.0,0.0,0.0,0.0,0.0,0.0,0.0,0.0,0.0,0.0,0.0
83,450,"Calini, G.",2023,Endoscopic Failure For Foreign Body Ingestion And Food Bolus Impaction In The Upper Gastrointestinal Tract: An Updated Analysis In A European Tertiary Care  Hospital,Retrospective Review,patients who underwent upper gastrointestinal endoscopy for FBIs between 2007 and 2017,University Hospital ‘Santa Maria della Misericordia’,Italy,10.1097/MEG.0000000000002602,Y,N,,,,,,,,0.0,0.0,0.0,0.0,0.0,0.0,0.0,0.0,0.0,0.0,0.0,0.0,0.0,0.0,0.0,0.0,0.0,0.0,0.0,0.0,0.0,0.0,0.0,0.0,0.0,0.0,0.0,0.0,0.0,0.0,0.0,0.0,0.0,0.0,0.0,0.0,0.0,0.0,0.0,0.0,0.0,0.0,0.0,0.0,0.0,0.0,0.0,0.0,0.0,0.0,0.0,0.0,0.0,0.0,0.0,0.0,0.0,0.0,0.0,0.0,0.0,0.0,0.0,0.0,0.0,0.0,0.0,0.0,0.0,0.0,0.0,0.0,0.0
84,451,"Chauhan, A.",2023,Intentional Ingestion Of A Foreign Body - Why We Need Psychiatrists,Case Report,,"Department of Gastroenterology, Indira Gandhi Medical College","Shimla, India",10.34172/mejdd.2023.322,Y,N,,,1.0,23.0,23.0,23.0,23.0,1.0,1.0,0.0,0.0,0.0,0.0,0.0,0.0,0.0,0.0,0.0,0.0,0.0,0.0,1.0,1.0,0.0,0.0,0.0,0.0,0.0,0.0,0.0,0.0,0.0,0.0,0.0,0.0,1.0,1.0,0.0,0.0,0.0,0.0,0.0,0.0,0.0,0.0,0.0,0.0,1.0,1.0,0.0,0.0,0.0,0.0,0.0,0.0,0.0,0.0,0.0,0.0,0.0,0.0,1.0,1.0,0.0,0.0,0.0,0.0,1.0,1.0,0.0,0.0,0.0,0.0,1.0,1.0,0.0,0.0,1.0,0.0,0.0
85,456,"Hardy, J.C.",2023,Loose Screws: Removal Of Foreign Bodies From The Lower Gastrointestinal Tract,,,"Internal Medicine, Brooke Army Medical Center,","San Antonia, USA",10.7759/cureus.43093,Y,N,,,1.0,45.0,45.0,45.0,45.0,0.0,0.0,1.0,1.0,0.0,0.0,0.0,0.0,0.0,0.0,0.0,0.0,0.0,0.0,1.0,1.0,0.0,0.0,0.0,0.0,0.0,0.0,0.0,0.0,1.0,1.0,1.0,1.0,0.0,0.0,0.0,0.0,0.0,0.0,0.0,0.0,0.0,0.0,0.0,0.0,0.0,0.0,0.0,0.0,1.0,1.0,1.0,1.0,0.0,0.0,1.0,1.0,1.0,1.0,1.0,1.0,0.0,0.0,0.0,0.0,0.0,0.0,0.0,0.0,0.0,0.0,0.0,0.0,0.0,0.0,1.0,0.0,0.0
86,460,"Das, S.S.",2023,Intentional Ingestion Of Foreign Bodies: A Physician'S Agony,Case Report,,"eneral Surgery, Dubai Hospital","Dubai, UAE",10.7759/cureus.37677,Y,N,,,1.0,29.0,29.0,29.0,29.0,1.0,1.0,0.0,0.0,0.0,0.0,0.0,0.0,0.0,0.0,0.0,0.0,0.0,0.0,1.0,1.0,0.0,0.0,0.0,0.0,0.0,0.0,0.0,0.0,0.0,0.0,0.0,0.0,1.0,1.0,0.0,0.0,0.0,0.0,0.0,0.0,0.0,0.0,0.0,0.0,0.0,0.0,0.0,0.0,1.0,1.0,1.0,1.0,0.0,0.0,1.0,1.0,1.0,1.0,1.0,1.0,0.0,0.0,0.0,0.0,0.0,0.0,0.0,0.0,0.0,0.0,1.0,1.0,0.0,0.0,1.0,0.0,0.0
87,461,"Ishak, A.",2023,"Hard To Swallow, Hard To Treat",,Patients admitted by the surgical team at Croydon University Hospital between 2017 and 2023 with DFBI,Croydon University Hospital,"Croydon, UK",,Y,N,,,,,,,,0.0,0.0,0.0,0.0,0.0,0.0,0.0,0.0,0.0,0.0,0.0,0.0,0.0,0.0,0.0,0.0,0.0,0.0,0.0,0.0,0.0,0.0,0.0,0.0,0.0,0.0,0.0,0.0,0.0,0.0,0.0,0.0,0.0,0.0,0.0,0.0,0.0,0.0,0.0,0.0,0.0,0.0,0.0,0.0,0.0,0.0,0.0,0.0,0.0,0.0,0.0,0.0,0.0,0.0,0.0,0.0,0.0,0.0,0.0,0.0,0.0,0.0,0.0,0.0,0.0,0.0,0.0,0.0,0.0,0.0,0.0,0.0,0.0
88,465,"Poesy, S.",2024,Imaging Approach To Ingested Foreign Bodies In The Neck,Review,,"Department of Radiology, Boston University Chobanian & Avedisian School of Medicine/Boston Medical Center","Boston, MA, USA",10.1007/s00234-024-03348-5,Y,N,,,7.0,34.0,52.0,37.42857142857143,35.0,7.0,1.0,0.0,0.0,0.0,0.0,5.0,0.7142857142857143,0.0,0.0,0.0,0.0,0.0,0.0,7.0,1.0,0.0,0.0,6.0,0.8571428571428571,0.0,0.0,0.0,0.0,0.0,0.0,0.0,0.0,7.0,1.0,0.0,0.0,0.0,0.0,0.0,0.0,0.0,0.0,0.0,0.0,0.0,0.0,1.0,0.14285714285714285,4.0,0.5714285714285714,3.0,0.42857142857142855,0.0,0.0,7.0,1.0,4.0,0.5714285714285714,6.0,0.8571428571428571,1.0,0.14285714285714285,0.0,0.0,1.0,0.14285714285714285,0.0,0.0,3.0,0.42857142857142855,5.0,0.7142857142857143,1.0,0.14285714285714285,7.0,1.0,0.14285714285714285
89,471,"Sultan, N.",2024,A Plastic Bezoar Causing Bowel Obstruction: A Case Of Table Cover Ingestion,Case Report,,"General Surgery Department, King Abdulaziz Hospital","Makkah, Saudi Arabia",10.1016/j.ijscr.2024.109506,Y,N,,,1.0,58.0,58.0,58.0,58.0,0.0,0.0,1.0,1.0,0.0,0.0,0.0,0.0,0.0,0.0,0.0,0.0,0.0,0.0,1.0,1.0,0.0,0.0,0.0,0.0,0.0,0.0,0.0,0.0,1.0,1.0,0.0,0.0,0.0,0.0,0.0,0.0,0.0,0.0,0.0,0.0,0.0,0.0,0.0,0.0,0.0,0.0,0.0,0.0,0.0,0.0,0.0,0.0,0.0,0.0,0.0,0.0,0.0,0.0,1.0,1.0,0.0,0.0,0.0,0.0,1.0,1.0,0.0,0.0,1.0,1.0,1.0,1.0,0.0,0.0,1.0,0.0,0.0
90,475,"Marie, A.",2024,A Dangerous Appetite,Case Report,,Service ORL du CHRU de Brest,"Brest, France",10.1016/j.anorl.2023.04.006,Y,N,,,1.0,25.0,25.0,25.0,25.0,0.0,0.0,1.0,1.0,0.0,0.0,0.0,0.0,0.0,0.0,0.0,0.0,0.0,0.0,1.0,1.0,0.0,0.0,0.0,0.0,0.0,0.0,0.0,0.0,0.0,0.0,0.0,0.0,1.0,1.0,0.0,0.0,0.0,0.0,0.0,0.0,0.0,0.0,0.0,0.0,1.0,1.0,1.0,1.0,1.0,1.0,1.0,1.0,1.0,1.0,0.0,0.0,0.0,0.0,1.0,1.0,1.0,1.0,0.0,0.0,1.0,1.0,1.0,1.0,0.0,0.0,1.0,1.0,0.0,0.0,1.0,1.0,1.0
91,476,"Akgul, N.C.",2024,Chronic Foreign Body Ingestion In Two Adults With Psychiatric Disorder: Is It Possible To Wait And See? Foreign Body Ingestion,Case Report,,"Department of General Surgery, Gebze Fatih State Hospital","Kocaeli, Turkey",10.4328/ACAM.22190,Y,N,,,1.0,23.0,23.0,23.0,23.0,1.0,1.0,0.0,0.0,0.0,0.0,0.0,0.0,0.0,0.0,0.0,0.0,0.0,0.0,0.0,0.0,0.0,0.0,1.0,1.0,0.0,0.0,0.0,0.0,0.0,0.0,0.0,0.0,1.0,1.0,0.0,0.0,0.0,0.0,0.0,0.0,0.0,0.0,0.0,0.0,0.0,0.0,0.0,0.0,1.0,1.0,1.0,1.0,0.0,0.0,1.0,1.0,1.0,1.0,0.0,0.0,0.0,0.0,0.0,0.0,0.0,0.0,0.0,0.0,0.0,0.0,1.0,1.0,1.0,1.0,1.0,0.0,0.0
92,482,"Farhadi, F.",2024,This Is A Successful Removal Of More Than 450 Pieces Of Metal Objects From A Patient'S Stomach: A Case Report,Case Report,,"Department of General Surgery, School of Medicine, Ahvaz Jundishapur University of Medical Sciences","Ahvaz, Iran",10.1186/s13256-024-04672-3,Y,N,,,1.0,36.0,36.0,36.0,36.0,1.0,1.0,0.0,0.0,0.0,0.0,0.0,0.0,0.0,0.0,0.0,0.0,0.0,0.0,1.0,1.0,0.0,0.0,0.0,0.0,0.0,0.0,0.0,0.0,1.0,1.0,0.0,0.0,0.0,0.0,0.0,0.0,0.0,0.0,0.0,0.0,0.0,0.0,0.0,0.0,0.0,0.0,0.0,0.0,1.0,1.0,1.0,1.0,0.0,0.0,1.0,1.0,1.0,1.0,0.0,0.0,1.0,1.0,0.0,0.0,1.0,1.0,0.0,0.0,1.0,1.0,1.0,1.0,0.0,0.0,1.0,0.0,0.0
93,483,"Dranova, S.",2024,Difficult Oesophageal Foreign Body Removal: A Novel Surgical Approach To A Complex Situation,Case Report,,"ENT Department, Frimley Park Hospital","Frimley, UK",10.1017/ S0022215124000033,Y,N,,,1.0,20.0,20.0,20.0,20.0,0.0,0.0,1.0,1.0,0.0,0.0,0.0,0.0,0.0,0.0,0.0,0.0,0.0,0.0,0.0,0.0,0.0,0.0,1.0,1.0,0.0,0.0,0.0,0.0,0.0,0.0,0.0,0.0,1.0,1.0,0.0,0.0,0.0,0.0,0.0,0.0,0.0,0.0,0.0,0.0,1.0,1.0,1.0,1.0,0.0,0.0,0.0,0.0,0.0,0.0,0.0,0.0,0.0,0.0,0.0,0.0,1.0,1.0,0.0,0.0,1.0,1.0,0.0,0.0,1.0,1.0,0.0,0.0,0.0,0.0,1.0,0.0,0.0
94,484,"Buils, F.J.",2024,Repeated Behavior Of Deliberate Foreign Body Ingestion In A Patient With Psychiatric Disorder,Case Report,,Department of General and Digestive Surgery. Sant Joan University Hospital,"Reus, Tarragona, Spain",,Y,N,,,1.0,29.0,29.0,29.0,29.0,0.0,0.0,0.0,0.0,1.0,1.0,0.0,0.0,1.0,1.0,0.0,0.0,0.0,0.0,1.0,1.0,0.0,0.0,1.0,1.0,1.0,1.0,0.0,0.0,0.0,0.0,0.0,0.0,0.0,0.0,0.0,0.0,0.0,0.0,0.0,0.0,0.0,0.0,0.0,0.0,0.0,0.0,1.0,1.0,0.0,0.0,1.0,1.0,0.0,0.0,1.0,1.0,0.0,0.0,0.0,0.0,1.0,1.0,0.0,0.0,0.0,0.0,0.0,0.0,0.0,0.0,1.0,1.0,0.0,0.0,1.0,0.0,0.0
95,485,"Bhumi, S.",2024,Esophageal Button Battery Retrieval: Time-In May Not Be Everything,Case Report,,"Gastroenterology and Hepatology, New York Presbyterian","Queens, New York, USA",10.7759/cureus.58327,Y,N,,,1.0,45.0,45.0,45.0,45.0,1.0,1.0,0.0,0.0,0.0,0.0,0.0,0.0,0.0,0.0,0.0,0.0,0.0,0.0,0.0,0.0,0.0,0.0,0.0,0.0,0.0,0.0,1.0,1.0,0.0,0.0,0.0,0.0,0.0,0.0,0.0,0.0,0.0,0.0,0.0,0.0,1.0,1.0,1.0,1.0,0.0,0.0,0.0,0.0,0.0,0.0,1.0,1.0,0.0,0.0,1.0,1.0,0.0,0.0,1.0,1.0,0.0,0.0,0.0,0.0,1.0,1.0,0.0,0.0,1.0,1.0,0.0,0.0,0.0,0.0,1.0,0.0,0.0
